image,class,split
/kaggle/input/real-fake-dataset/Real_fake_dataset/train/0_real/0000.jpg,0,train
/kaggle/input/real-fake-dataset/Real_fake_dataset/train/0_real/0001.jpg,0,train
/kaggle/input/real-fake-dataset/Real_fake_dataset/train/0_real/0002.jpg,0,train
/kaggle/input/real-fake-dataset/Real_fake_dataset/train/0_real/0003.jpg,0,train
/kaggle/input/real-fake-dataset/Real_fake_dataset/train/0_real/0004.jpg,0,train
/kaggle/input/real-fake-dataset/Real_fake_dataset/train/0_real/0005.jpg,0,train
/kaggle/input/real-fake-dataset/Real_fake_dataset/train/0_real/0006.jpg,0,train
/kaggle/input/real-fake-dataset/Real_fake_dataset/train/0_real/0007.jpg,0,train
/kaggle/input/real-fake-dataset/Real_fake_dataset/train/0_real/0008.jpg,0,train
/kaggle/input/real-fake-dataset/Real_fake_dataset/train/0_real/0009.jpg,0,train
/kaggle/input/real-fake-dataset/Real_fake_dataset/train/0_real/0010.jpg,0,train
/kaggle/input/real-fake-dataset/Real_fake_dataset/train/0_real/0011.jpg,0,train
/kaggle/input/real-fake-dataset/Real_fake_dataset/train/0_real/0012.jpg,0,train
/kaggle/input/real-fake-dataset/Real_fake_dataset/train/0_real/0013.jpg,0,train
/kaggle/input/real-fake-dataset/Real_fake_dataset/train/0_real/0014.jpg,0,train
/kaggle/input/real-fake-dataset/Real_fake_dataset/train/0_real/0015.jpg,0,train
/kaggle/input/real-fake-dataset/Real_fake_dataset/train/0_real/0016.jpg,0,train
/kaggle/input/real-fake-dataset/Real_fake_dataset/train/0_real/0017.jpg,0,train
/kaggle/input/real-fake-dataset/Real_fake_dataset/train/0_real/0018.jpg,0,train
/kaggle/input/real-fake-dataset/Real_fake_dataset/train/0_real/0019.jpg,0,train
/kaggle/input/real-fake-dataset/Real_fake_dataset/train/0_real/0020.jpg,0,train
/kaggle/input/real-fake-dataset/Real_fake_dataset/train/0_real/0021.jpg,0,train
/kaggle/input/real-fake-dataset/Real_fake_dataset/train/0_real/0022.jpg,0,train
/kaggle/input/real-fake-dataset/Real_fake_dataset/train/0_real/0023.jpg,0,train
/kaggle/input/real-fake-dataset/Real_fake_dataset/train/0_real/0024.jpg,0,train
/kaggle/input/real-fake-dataset/Real_fake_dataset/train/0_real/0025.jpg,0,train
/kaggle/input/real-fake-dataset/Real_fake_dataset/train/0_real/0026.jpg,0,train
/kaggle/input/real-fake-dataset/Real_fake_dataset/train/0_real/0027.jpg,0,train
/kaggle/input/real-fake-dataset/Real_fake_dataset/train/0_real/0028.jpg,0,train
/kaggle/input/real-fake-dataset/Real_fake_dataset/train/0_real/0029.jpg,0,train
/kaggle/input/real-fake-dataset/Real_fake_dataset/train/0_real/0030.jpg,0,train
/kaggle/input/real-fake-dataset/Real_fake_dataset/train/0_real/0031.jpg,0,train
/kaggle/input/real-fake-dataset/Real_fake_dataset/train/0_real/0032.jpg,0,train
/kaggle/input/real-fake-dataset/Real_fake_dataset/train/0_real/0033.jpg,0,train
/kaggle/input/real-fake-dataset/Real_fake_dataset/train/0_real/0034.jpg,0,train
/kaggle/input/real-fake-dataset/Real_fake_dataset/train/0_real/0035.jpg,0,train
/kaggle/input/real-fake-dataset/Real_fake_dataset/train/0_real/0036.jpg,0,train
/kaggle/input/real-fake-dataset/Real_fake_dataset/train/0_real/0037.jpg,0,train
/kaggle/input/real-fake-dataset/Real_fake_dataset/train/0_real/0038.jpg,0,train
/kaggle/input/real-fake-dataset/Real_fake_dataset/train/0_real/0039.jpg,0,train
/kaggle/input/real-fake-dataset/Real_fake_dataset/train/0_real/0040.jpg,0,train
/kaggle/input/real-fake-dataset/Real_fake_dataset/train/0_real/0041.jpg,0,train
/kaggle/input/real-fake-dataset/Real_fake_dataset/train/0_real/0042.jpg,0,train
/kaggle/input/real-fake-dataset/Real_fake_dataset/train/0_real/0043.jpg,0,train
/kaggle/input/real-fake-dataset/Real_fake_dataset/train/0_real/0044.jpg,0,train
/kaggle/input/real-fake-dataset/Real_fake_dataset/train/0_real/0045.jpg,0,train
/kaggle/input/real-fake-dataset/Real_fake_dataset/train/0_real/0046.jpg,0,train
/kaggle/input/real-fake-dataset/Real_fake_dataset/train/0_real/0047.jpg,0,train
/kaggle/input/real-fake-dataset/Real_fake_dataset/train/0_real/0048.jpg,0,train
/kaggle/input/real-fake-dataset/Real_fake_dataset/train/0_real/0049.jpg,0,train
/kaggle/input/real-fake-dataset/Real_fake_dataset/train/0_real/0050.jpg,0,train
/kaggle/input/real-fake-dataset/Real_fake_dataset/train/0_real/0051.jpg,0,train
/kaggle/input/real-fake-dataset/Real_fake_dataset/train/0_real/0052.jpg,0,train
/kaggle/input/real-fake-dataset/Real_fake_dataset/train/0_real/0053.jpg,0,train
/kaggle/input/real-fake-dataset/Real_fake_dataset/train/0_real/0054.jpg,0,train
/kaggle/input/real-fake-dataset/Real_fake_dataset/train/0_real/0055.jpg,0,train
/kaggle/input/real-fake-dataset/Real_fake_dataset/train/0_real/0056.jpg,0,train
/kaggle/input/real-fake-dataset/Real_fake_dataset/train/0_real/0057.jpg,0,train
/kaggle/input/real-fake-dataset/Real_fake_dataset/train/0_real/0058.jpg,0,train
/kaggle/input/real-fake-dataset/Real_fake_dataset/train/0_real/0059.jpg,0,train
/kaggle/input/real-fake-dataset/Real_fake_dataset/train/0_real/0060.jpg,0,train
/kaggle/input/real-fake-dataset/Real_fake_dataset/train/0_real/0061.jpg,0,train
/kaggle/input/real-fake-dataset/Real_fake_dataset/train/0_real/0062.jpg,0,train
/kaggle/input/real-fake-dataset/Real_fake_dataset/train/0_real/0063.jpg,0,train
/kaggle/input/real-fake-dataset/Real_fake_dataset/train/0_real/0064.jpg,0,train
/kaggle/input/real-fake-dataset/Real_fake_dataset/train/0_real/0065.jpg,0,train
/kaggle/input/real-fake-dataset/Real_fake_dataset/train/0_real/0066.jpg,0,train
/kaggle/input/real-fake-dataset/Real_fake_dataset/train/0_real/0067.jpg,0,train
/kaggle/input/real-fake-dataset/Real_fake_dataset/train/0_real/0068.jpg,0,train
/kaggle/input/real-fake-dataset/Real_fake_dataset/train/0_real/0069.jpg,0,train
/kaggle/input/real-fake-dataset/Real_fake_dataset/train/0_real/0070.jpg,0,train
/kaggle/input/real-fake-dataset/Real_fake_dataset/train/0_real/0071.jpg,0,train
/kaggle/input/real-fake-dataset/Real_fake_dataset/train/0_real/0072.jpg,0,train
/kaggle/input/real-fake-dataset/Real_fake_dataset/train/0_real/0073.jpg,0,train
/kaggle/input/real-fake-dataset/Real_fake_dataset/train/0_real/0074.jpg,0,train
/kaggle/input/real-fake-dataset/Real_fake_dataset/train/0_real/0075.jpg,0,train
/kaggle/input/real-fake-dataset/Real_fake_dataset/train/0_real/0076.jpg,0,train
/kaggle/input/real-fake-dataset/Real_fake_dataset/train/0_real/0077.jpg,0,train
/kaggle/input/real-fake-dataset/Real_fake_dataset/train/0_real/0078.jpg,0,train
/kaggle/input/real-fake-dataset/Real_fake_dataset/train/0_real/0079.jpg,0,train
/kaggle/input/real-fake-dataset/Real_fake_dataset/train/0_real/0080.jpg,0,train
/kaggle/input/real-fake-dataset/Real_fake_dataset/train/0_real/0081.jpg,0,train
/kaggle/input/real-fake-dataset/Real_fake_dataset/train/0_real/0082.jpg,0,train
/kaggle/input/real-fake-dataset/Real_fake_dataset/train/0_real/0083.jpg,0,train
/kaggle/input/real-fake-dataset/Real_fake_dataset/train/0_real/0084.jpg,0,train
/kaggle/input/real-fake-dataset/Real_fake_dataset/train/0_real/0085.jpg,0,train
/kaggle/input/real-fake-dataset/Real_fake_dataset/train/0_real/0086.jpg,0,train
/kaggle/input/real-fake-dataset/Real_fake_dataset/train/0_real/0087.jpg,0,train
/kaggle/input/real-fake-dataset/Real_fake_dataset/train/0_real/0088.jpg,0,train
/kaggle/input/real-fake-dataset/Real_fake_dataset/train/0_real/0089.jpg,0,train
/kaggle/input/real-fake-dataset/Real_fake_dataset/train/0_real/0090.jpg,0,train
/kaggle/input/real-fake-dataset/Real_fake_dataset/train/0_real/0091.jpg,0,train
/kaggle/input/real-fake-dataset/Real_fake_dataset/train/0_real/0092.jpg,0,train
/kaggle/input/real-fake-dataset/Real_fake_dataset/train/0_real/0093.jpg,0,train
/kaggle/input/real-fake-dataset/Real_fake_dataset/train/0_real/0094.jpg,0,train
/kaggle/input/real-fake-dataset/Real_fake_dataset/train/0_real/0095.jpg,0,train
/kaggle/input/real-fake-dataset/Real_fake_dataset/train/0_real/0096.jpg,0,train
/kaggle/input/real-fake-dataset/Real_fake_dataset/train/0_real/0097.jpg,0,train
/kaggle/input/real-fake-dataset/Real_fake_dataset/train/0_real/0098.jpg,0,train
/kaggle/input/real-fake-dataset/Real_fake_dataset/train/0_real/0099.jpg,0,train
/kaggle/input/real-fake-dataset/Real_fake_dataset/train/0_real/0100.jpg,0,train
/kaggle/input/real-fake-dataset/Real_fake_dataset/train/0_real/0101.jpg,0,train
/kaggle/input/real-fake-dataset/Real_fake_dataset/train/0_real/0102.jpg,0,train
/kaggle/input/real-fake-dataset/Real_fake_dataset/train/0_real/0103.jpg,0,train
/kaggle/input/real-fake-dataset/Real_fake_dataset/train/0_real/0104.jpg,0,train
/kaggle/input/real-fake-dataset/Real_fake_dataset/train/0_real/0105.jpg,0,train
/kaggle/input/real-fake-dataset/Real_fake_dataset/train/0_real/0106.jpg,0,train
/kaggle/input/real-fake-dataset/Real_fake_dataset/train/0_real/0107.jpg,0,train
/kaggle/input/real-fake-dataset/Real_fake_dataset/train/0_real/0108.jpg,0,train
/kaggle/input/real-fake-dataset/Real_fake_dataset/train/0_real/0109.jpg,0,train
/kaggle/input/real-fake-dataset/Real_fake_dataset/train/0_real/0110.jpg,0,train
/kaggle/input/real-fake-dataset/Real_fake_dataset/train/0_real/0111.jpg,0,train
/kaggle/input/real-fake-dataset/Real_fake_dataset/train/0_real/0112.jpg,0,train
/kaggle/input/real-fake-dataset/Real_fake_dataset/train/0_real/0113.jpg,0,train
/kaggle/input/real-fake-dataset/Real_fake_dataset/train/0_real/0114.jpg,0,train
/kaggle/input/real-fake-dataset/Real_fake_dataset/train/0_real/0115.jpg,0,train
/kaggle/input/real-fake-dataset/Real_fake_dataset/train/0_real/0116.jpg,0,train
/kaggle/input/real-fake-dataset/Real_fake_dataset/train/0_real/0117.jpg,0,train
/kaggle/input/real-fake-dataset/Real_fake_dataset/train/0_real/0118.jpg,0,train
/kaggle/input/real-fake-dataset/Real_fake_dataset/train/0_real/0119.jpg,0,train
/kaggle/input/real-fake-dataset/Real_fake_dataset/train/0_real/0120.jpg,0,train
/kaggle/input/real-fake-dataset/Real_fake_dataset/train/0_real/0121.jpg,0,train
/kaggle/input/real-fake-dataset/Real_fake_dataset/train/0_real/0122.jpg,0,train
/kaggle/input/real-fake-dataset/Real_fake_dataset/train/0_real/0123.jpg,0,train
/kaggle/input/real-fake-dataset/Real_fake_dataset/train/0_real/0124.jpg,0,train
/kaggle/input/real-fake-dataset/Real_fake_dataset/train/0_real/0125.jpg,0,train
/kaggle/input/real-fake-dataset/Real_fake_dataset/train/0_real/0126.jpg,0,train
/kaggle/input/real-fake-dataset/Real_fake_dataset/train/0_real/0127.jpg,0,train
/kaggle/input/real-fake-dataset/Real_fake_dataset/train/0_real/0128.jpg,0,train
/kaggle/input/real-fake-dataset/Real_fake_dataset/train/0_real/0129.jpg,0,train
/kaggle/input/real-fake-dataset/Real_fake_dataset/train/0_real/0130.jpg,0,train
/kaggle/input/real-fake-dataset/Real_fake_dataset/train/0_real/0131.jpg,0,train
/kaggle/input/real-fake-dataset/Real_fake_dataset/train/0_real/0132.jpg,0,train
/kaggle/input/real-fake-dataset/Real_fake_dataset/train/0_real/0133.jpg,0,train
/kaggle/input/real-fake-dataset/Real_fake_dataset/train/0_real/0134.jpg,0,train
/kaggle/input/real-fake-dataset/Real_fake_dataset/train/0_real/0135.jpg,0,train
/kaggle/input/real-fake-dataset/Real_fake_dataset/train/0_real/0136.jpg,0,train
/kaggle/input/real-fake-dataset/Real_fake_dataset/train/0_real/0137.jpg,0,train
/kaggle/input/real-fake-dataset/Real_fake_dataset/train/0_real/0138.jpg,0,train
/kaggle/input/real-fake-dataset/Real_fake_dataset/train/0_real/0139.jpg,0,train
/kaggle/input/real-fake-dataset/Real_fake_dataset/train/0_real/0140.jpg,0,train
/kaggle/input/real-fake-dataset/Real_fake_dataset/train/0_real/0141.jpg,0,train
/kaggle/input/real-fake-dataset/Real_fake_dataset/train/0_real/0142.jpg,0,train
/kaggle/input/real-fake-dataset/Real_fake_dataset/train/0_real/0143.jpg,0,train
/kaggle/input/real-fake-dataset/Real_fake_dataset/train/0_real/0144.jpg,0,train
/kaggle/input/real-fake-dataset/Real_fake_dataset/train/0_real/0145.jpg,0,train
/kaggle/input/real-fake-dataset/Real_fake_dataset/train/0_real/0146.jpg,0,train
/kaggle/input/real-fake-dataset/Real_fake_dataset/train/0_real/0147.jpg,0,train
/kaggle/input/real-fake-dataset/Real_fake_dataset/train/0_real/0148.jpg,0,train
/kaggle/input/real-fake-dataset/Real_fake_dataset/train/0_real/0149.jpg,0,train
/kaggle/input/real-fake-dataset/Real_fake_dataset/train/0_real/0150.jpg,0,train
/kaggle/input/real-fake-dataset/Real_fake_dataset/train/0_real/0151.jpg,0,train
/kaggle/input/real-fake-dataset/Real_fake_dataset/train/0_real/0152.jpg,0,train
/kaggle/input/real-fake-dataset/Real_fake_dataset/train/0_real/0153.jpg,0,train
/kaggle/input/real-fake-dataset/Real_fake_dataset/train/0_real/0154.jpg,0,train
/kaggle/input/real-fake-dataset/Real_fake_dataset/train/0_real/0155.jpg,0,train
/kaggle/input/real-fake-dataset/Real_fake_dataset/train/0_real/0156.jpg,0,train
/kaggle/input/real-fake-dataset/Real_fake_dataset/train/0_real/0157.jpg,0,train
/kaggle/input/real-fake-dataset/Real_fake_dataset/train/0_real/0158.jpg,0,train
/kaggle/input/real-fake-dataset/Real_fake_dataset/train/0_real/0159.jpg,0,train
/kaggle/input/real-fake-dataset/Real_fake_dataset/train/0_real/0160.jpg,0,train
/kaggle/input/real-fake-dataset/Real_fake_dataset/train/0_real/0161.jpg,0,train
/kaggle/input/real-fake-dataset/Real_fake_dataset/train/0_real/0162.jpg,0,train
/kaggle/input/real-fake-dataset/Real_fake_dataset/train/0_real/0163.jpg,0,train
/kaggle/input/real-fake-dataset/Real_fake_dataset/train/0_real/0164.jpg,0,train
/kaggle/input/real-fake-dataset/Real_fake_dataset/train/0_real/0165.jpg,0,train
/kaggle/input/real-fake-dataset/Real_fake_dataset/train/0_real/0166.jpg,0,train
/kaggle/input/real-fake-dataset/Real_fake_dataset/train/0_real/0167.jpg,0,train
/kaggle/input/real-fake-dataset/Real_fake_dataset/train/0_real/0168.jpg,0,train
/kaggle/input/real-fake-dataset/Real_fake_dataset/train/0_real/0169.jpg,0,train
/kaggle/input/real-fake-dataset/Real_fake_dataset/train/0_real/0170.jpg,0,train
/kaggle/input/real-fake-dataset/Real_fake_dataset/train/0_real/0171.jpg,0,train
/kaggle/input/real-fake-dataset/Real_fake_dataset/train/0_real/0172.jpg,0,train
/kaggle/input/real-fake-dataset/Real_fake_dataset/train/0_real/0173.jpg,0,train
/kaggle/input/real-fake-dataset/Real_fake_dataset/train/0_real/0174.jpg,0,train
/kaggle/input/real-fake-dataset/Real_fake_dataset/train/0_real/0175.jpg,0,train
/kaggle/input/real-fake-dataset/Real_fake_dataset/train/0_real/0176.jpg,0,train
/kaggle/input/real-fake-dataset/Real_fake_dataset/train/0_real/0177.jpg,0,train
/kaggle/input/real-fake-dataset/Real_fake_dataset/train/0_real/0178.jpg,0,train
/kaggle/input/real-fake-dataset/Real_fake_dataset/train/0_real/0179.jpg,0,train
/kaggle/input/real-fake-dataset/Real_fake_dataset/train/0_real/0180.jpg,0,train
/kaggle/input/real-fake-dataset/Real_fake_dataset/train/0_real/0181.jpg,0,train
/kaggle/input/real-fake-dataset/Real_fake_dataset/train/0_real/0182.jpg,0,train
/kaggle/input/real-fake-dataset/Real_fake_dataset/train/0_real/0183.jpg,0,train
/kaggle/input/real-fake-dataset/Real_fake_dataset/train/0_real/0184.jpg,0,train
/kaggle/input/real-fake-dataset/Real_fake_dataset/train/0_real/0185.jpg,0,train
/kaggle/input/real-fake-dataset/Real_fake_dataset/train/0_real/0186.jpg,0,train
/kaggle/input/real-fake-dataset/Real_fake_dataset/train/0_real/0187.jpg,0,train
/kaggle/input/real-fake-dataset/Real_fake_dataset/train/0_real/0188.jpg,0,train
/kaggle/input/real-fake-dataset/Real_fake_dataset/train/0_real/0189.jpg,0,train
/kaggle/input/real-fake-dataset/Real_fake_dataset/train/0_real/0190.jpg,0,train
/kaggle/input/real-fake-dataset/Real_fake_dataset/train/0_real/0191.jpg,0,train
/kaggle/input/real-fake-dataset/Real_fake_dataset/train/0_real/0192.jpg,0,train
/kaggle/input/real-fake-dataset/Real_fake_dataset/train/0_real/0193.jpg,0,train
/kaggle/input/real-fake-dataset/Real_fake_dataset/train/0_real/0194.jpg,0,train
/kaggle/input/real-fake-dataset/Real_fake_dataset/train/0_real/0195.jpg,0,train
/kaggle/input/real-fake-dataset/Real_fake_dataset/train/0_real/0196.jpg,0,train
/kaggle/input/real-fake-dataset/Real_fake_dataset/train/0_real/0197.jpg,0,train
/kaggle/input/real-fake-dataset/Real_fake_dataset/train/0_real/0198.jpg,0,train
/kaggle/input/real-fake-dataset/Real_fake_dataset/train/0_real/0199.jpg,0,train
/kaggle/input/real-fake-dataset/Real_fake_dataset/train/0_real/0200.jpg,0,train
/kaggle/input/real-fake-dataset/Real_fake_dataset/train/0_real/0201.jpg,0,train
/kaggle/input/real-fake-dataset/Real_fake_dataset/train/0_real/0202.jpg,0,train
/kaggle/input/real-fake-dataset/Real_fake_dataset/train/0_real/0203.jpg,0,train
/kaggle/input/real-fake-dataset/Real_fake_dataset/train/0_real/0204.jpg,0,train
/kaggle/input/real-fake-dataset/Real_fake_dataset/train/0_real/0205.jpg,0,train
/kaggle/input/real-fake-dataset/Real_fake_dataset/train/0_real/0206.jpg,0,train
/kaggle/input/real-fake-dataset/Real_fake_dataset/train/0_real/0207.jpg,0,train
/kaggle/input/real-fake-dataset/Real_fake_dataset/train/0_real/0208.jpg,0,train
/kaggle/input/real-fake-dataset/Real_fake_dataset/train/0_real/0209.jpg,0,train
/kaggle/input/real-fake-dataset/Real_fake_dataset/train/0_real/0210.jpg,0,train
/kaggle/input/real-fake-dataset/Real_fake_dataset/train/0_real/0211.jpg,0,train
/kaggle/input/real-fake-dataset/Real_fake_dataset/train/0_real/0212.jpg,0,train
/kaggle/input/real-fake-dataset/Real_fake_dataset/train/0_real/0213.jpg,0,train
/kaggle/input/real-fake-dataset/Real_fake_dataset/train/0_real/0214.jpg,0,train
/kaggle/input/real-fake-dataset/Real_fake_dataset/train/0_real/0215.jpg,0,train
/kaggle/input/real-fake-dataset/Real_fake_dataset/train/0_real/0216.jpg,0,train
/kaggle/input/real-fake-dataset/Real_fake_dataset/train/0_real/0217.jpg,0,train
/kaggle/input/real-fake-dataset/Real_fake_dataset/train/0_real/0218.jpg,0,train
/kaggle/input/real-fake-dataset/Real_fake_dataset/train/0_real/0219.jpg,0,train
/kaggle/input/real-fake-dataset/Real_fake_dataset/train/0_real/0220.jpg,0,train
/kaggle/input/real-fake-dataset/Real_fake_dataset/train/0_real/0221.jpg,0,train
/kaggle/input/real-fake-dataset/Real_fake_dataset/train/0_real/0222.jpg,0,train
/kaggle/input/real-fake-dataset/Real_fake_dataset/train/0_real/0223.jpg,0,train
/kaggle/input/real-fake-dataset/Real_fake_dataset/train/0_real/0224.jpg,0,train
/kaggle/input/real-fake-dataset/Real_fake_dataset/train/0_real/0225.jpg,0,train
/kaggle/input/real-fake-dataset/Real_fake_dataset/train/0_real/0226.jpg,0,train
/kaggle/input/real-fake-dataset/Real_fake_dataset/train/0_real/0227.jpg,0,train
/kaggle/input/real-fake-dataset/Real_fake_dataset/train/0_real/0228.jpg,0,train
/kaggle/input/real-fake-dataset/Real_fake_dataset/train/0_real/0229.jpg,0,train
/kaggle/input/real-fake-dataset/Real_fake_dataset/train/0_real/0230.jpg,0,train
/kaggle/input/real-fake-dataset/Real_fake_dataset/train/0_real/0231.jpg,0,train
/kaggle/input/real-fake-dataset/Real_fake_dataset/train/0_real/0232.jpg,0,train
/kaggle/input/real-fake-dataset/Real_fake_dataset/train/0_real/0233.jpg,0,train
/kaggle/input/real-fake-dataset/Real_fake_dataset/train/0_real/0234.jpg,0,train
/kaggle/input/real-fake-dataset/Real_fake_dataset/train/0_real/0235.jpg,0,train
/kaggle/input/real-fake-dataset/Real_fake_dataset/train/0_real/0236.jpg,0,train
/kaggle/input/real-fake-dataset/Real_fake_dataset/train/0_real/0237.jpg,0,train
/kaggle/input/real-fake-dataset/Real_fake_dataset/train/0_real/0238.jpg,0,train
/kaggle/input/real-fake-dataset/Real_fake_dataset/train/0_real/0239.jpg,0,train
/kaggle/input/real-fake-dataset/Real_fake_dataset/train/0_real/0240.jpg,0,train
/kaggle/input/real-fake-dataset/Real_fake_dataset/train/0_real/0241.jpg,0,train
/kaggle/input/real-fake-dataset/Real_fake_dataset/train/0_real/0242.jpg,0,train
/kaggle/input/real-fake-dataset/Real_fake_dataset/train/0_real/0243.jpg,0,train
/kaggle/input/real-fake-dataset/Real_fake_dataset/train/0_real/0244.jpg,0,train
/kaggle/input/real-fake-dataset/Real_fake_dataset/train/0_real/0245.jpg,0,train
/kaggle/input/real-fake-dataset/Real_fake_dataset/train/0_real/0246.jpg,0,train
/kaggle/input/real-fake-dataset/Real_fake_dataset/train/0_real/0247.jpg,0,train
/kaggle/input/real-fake-dataset/Real_fake_dataset/train/0_real/0248.jpg,0,train
/kaggle/input/real-fake-dataset/Real_fake_dataset/train/0_real/0249.jpg,0,train
/kaggle/input/real-fake-dataset/Real_fake_dataset/train/0_real/0250.jpg,0,train
/kaggle/input/real-fake-dataset/Real_fake_dataset/train/0_real/0251.jpg,0,train
/kaggle/input/real-fake-dataset/Real_fake_dataset/train/0_real/0252.jpg,0,train
/kaggle/input/real-fake-dataset/Real_fake_dataset/train/0_real/0253.jpg,0,train
/kaggle/input/real-fake-dataset/Real_fake_dataset/train/0_real/0254.jpg,0,train
/kaggle/input/real-fake-dataset/Real_fake_dataset/train/0_real/0255.jpg,0,train
/kaggle/input/real-fake-dataset/Real_fake_dataset/train/0_real/0256.jpg,0,train
/kaggle/input/real-fake-dataset/Real_fake_dataset/train/0_real/0257.jpg,0,train
/kaggle/input/real-fake-dataset/Real_fake_dataset/train/0_real/0258.jpg,0,train
/kaggle/input/real-fake-dataset/Real_fake_dataset/train/0_real/0259.jpg,0,train
/kaggle/input/real-fake-dataset/Real_fake_dataset/train/0_real/0260.jpg,0,train
/kaggle/input/real-fake-dataset/Real_fake_dataset/train/0_real/0261.jpg,0,train
/kaggle/input/real-fake-dataset/Real_fake_dataset/train/0_real/0262.jpg,0,train
/kaggle/input/real-fake-dataset/Real_fake_dataset/train/0_real/0263.jpg,0,train
/kaggle/input/real-fake-dataset/Real_fake_dataset/train/0_real/0264.jpg,0,train
/kaggle/input/real-fake-dataset/Real_fake_dataset/train/0_real/0265.jpg,0,train
/kaggle/input/real-fake-dataset/Real_fake_dataset/train/0_real/0266.jpg,0,train
/kaggle/input/real-fake-dataset/Real_fake_dataset/train/0_real/0267.jpg,0,train
/kaggle/input/real-fake-dataset/Real_fake_dataset/train/0_real/0268.jpg,0,train
/kaggle/input/real-fake-dataset/Real_fake_dataset/train/0_real/0269.jpg,0,train
/kaggle/input/real-fake-dataset/Real_fake_dataset/train/0_real/0270.jpg,0,train
/kaggle/input/real-fake-dataset/Real_fake_dataset/train/0_real/0271.jpg,0,train
/kaggle/input/real-fake-dataset/Real_fake_dataset/train/0_real/0272.jpg,0,train
/kaggle/input/real-fake-dataset/Real_fake_dataset/train/0_real/0273.jpg,0,train
/kaggle/input/real-fake-dataset/Real_fake_dataset/train/0_real/0274.jpg,0,train
/kaggle/input/real-fake-dataset/Real_fake_dataset/train/0_real/0275.jpg,0,train
/kaggle/input/real-fake-dataset/Real_fake_dataset/train/0_real/0276.jpg,0,train
/kaggle/input/real-fake-dataset/Real_fake_dataset/train/0_real/0277.jpg,0,train
/kaggle/input/real-fake-dataset/Real_fake_dataset/train/0_real/0278.jpg,0,train
/kaggle/input/real-fake-dataset/Real_fake_dataset/train/0_real/0279.jpg,0,train
/kaggle/input/real-fake-dataset/Real_fake_dataset/train/0_real/0280.jpg,0,train
/kaggle/input/real-fake-dataset/Real_fake_dataset/train/0_real/0281.jpg,0,train
/kaggle/input/real-fake-dataset/Real_fake_dataset/train/0_real/0282.jpg,0,train
/kaggle/input/real-fake-dataset/Real_fake_dataset/train/0_real/0283.jpg,0,train
/kaggle/input/real-fake-dataset/Real_fake_dataset/train/0_real/0284.jpg,0,train
/kaggle/input/real-fake-dataset/Real_fake_dataset/train/0_real/0285.jpg,0,train
/kaggle/input/real-fake-dataset/Real_fake_dataset/train/0_real/0286.jpg,0,train
/kaggle/input/real-fake-dataset/Real_fake_dataset/train/0_real/0287.jpg,0,train
/kaggle/input/real-fake-dataset/Real_fake_dataset/train/0_real/0288.jpg,0,train
/kaggle/input/real-fake-dataset/Real_fake_dataset/train/0_real/0289.jpg,0,train
/kaggle/input/real-fake-dataset/Real_fake_dataset/train/0_real/0290.jpg,0,train
/kaggle/input/real-fake-dataset/Real_fake_dataset/train/0_real/0291.jpg,0,train
/kaggle/input/real-fake-dataset/Real_fake_dataset/train/0_real/0292.jpg,0,train
/kaggle/input/real-fake-dataset/Real_fake_dataset/train/0_real/0293.jpg,0,train
/kaggle/input/real-fake-dataset/Real_fake_dataset/train/0_real/0294.jpg,0,train
/kaggle/input/real-fake-dataset/Real_fake_dataset/train/0_real/0295.jpg,0,train
/kaggle/input/real-fake-dataset/Real_fake_dataset/train/0_real/0296.jpg,0,train
/kaggle/input/real-fake-dataset/Real_fake_dataset/train/0_real/0297.jpg,0,train
/kaggle/input/real-fake-dataset/Real_fake_dataset/train/0_real/0298.jpg,0,train
/kaggle/input/real-fake-dataset/Real_fake_dataset/train/0_real/0299.jpg,0,train
/kaggle/input/real-fake-dataset/Real_fake_dataset/train/0_real/0300.jpg,0,train
/kaggle/input/real-fake-dataset/Real_fake_dataset/train/0_real/0301.jpg,0,train
/kaggle/input/real-fake-dataset/Real_fake_dataset/train/0_real/0302.jpg,0,train
/kaggle/input/real-fake-dataset/Real_fake_dataset/train/0_real/0303.jpg,0,train
/kaggle/input/real-fake-dataset/Real_fake_dataset/train/0_real/0304.jpg,0,train
/kaggle/input/real-fake-dataset/Real_fake_dataset/train/0_real/0305.jpg,0,train
/kaggle/input/real-fake-dataset/Real_fake_dataset/train/0_real/0306.jpg,0,train
/kaggle/input/real-fake-dataset/Real_fake_dataset/train/0_real/0307.jpg,0,train
/kaggle/input/real-fake-dataset/Real_fake_dataset/train/0_real/0308.jpg,0,train
/kaggle/input/real-fake-dataset/Real_fake_dataset/train/0_real/0309.jpg,0,train
/kaggle/input/real-fake-dataset/Real_fake_dataset/train/0_real/0310.jpg,0,train
/kaggle/input/real-fake-dataset/Real_fake_dataset/train/0_real/0311.jpg,0,train
/kaggle/input/real-fake-dataset/Real_fake_dataset/train/0_real/0312.jpg,0,train
/kaggle/input/real-fake-dataset/Real_fake_dataset/train/0_real/0313.jpg,0,train
/kaggle/input/real-fake-dataset/Real_fake_dataset/train/0_real/0314.jpg,0,train
/kaggle/input/real-fake-dataset/Real_fake_dataset/train/0_real/0315.jpg,0,train
/kaggle/input/real-fake-dataset/Real_fake_dataset/train/0_real/0316.jpg,0,train
/kaggle/input/real-fake-dataset/Real_fake_dataset/train/0_real/0317.jpg,0,train
/kaggle/input/real-fake-dataset/Real_fake_dataset/train/0_real/0318.jpg,0,train
/kaggle/input/real-fake-dataset/Real_fake_dataset/train/0_real/0319.jpg,0,train
/kaggle/input/real-fake-dataset/Real_fake_dataset/train/0_real/0320.jpg,0,train
/kaggle/input/real-fake-dataset/Real_fake_dataset/train/0_real/0321.jpg,0,train
/kaggle/input/real-fake-dataset/Real_fake_dataset/train/0_real/0322.jpg,0,train
/kaggle/input/real-fake-dataset/Real_fake_dataset/train/0_real/0323.jpg,0,train
/kaggle/input/real-fake-dataset/Real_fake_dataset/train/0_real/0324.jpg,0,train
/kaggle/input/real-fake-dataset/Real_fake_dataset/train/0_real/0325.jpg,0,train
/kaggle/input/real-fake-dataset/Real_fake_dataset/train/0_real/0326.jpg,0,train
/kaggle/input/real-fake-dataset/Real_fake_dataset/train/0_real/0327.jpg,0,train
/kaggle/input/real-fake-dataset/Real_fake_dataset/train/0_real/0328.jpg,0,train
/kaggle/input/real-fake-dataset/Real_fake_dataset/train/0_real/0329.jpg,0,train
/kaggle/input/real-fake-dataset/Real_fake_dataset/train/0_real/0330.jpg,0,train
/kaggle/input/real-fake-dataset/Real_fake_dataset/train/0_real/0331.jpg,0,train
/kaggle/input/real-fake-dataset/Real_fake_dataset/train/0_real/0332.jpg,0,train
/kaggle/input/real-fake-dataset/Real_fake_dataset/train/0_real/0333.jpg,0,train
/kaggle/input/real-fake-dataset/Real_fake_dataset/train/0_real/0334.jpg,0,train
/kaggle/input/real-fake-dataset/Real_fake_dataset/train/0_real/0335.jpg,0,train
/kaggle/input/real-fake-dataset/Real_fake_dataset/train/0_real/0336.jpg,0,train
/kaggle/input/real-fake-dataset/Real_fake_dataset/train/0_real/0337.jpg,0,train
/kaggle/input/real-fake-dataset/Real_fake_dataset/train/0_real/0338.jpg,0,train
/kaggle/input/real-fake-dataset/Real_fake_dataset/train/0_real/0339.jpg,0,train
/kaggle/input/real-fake-dataset/Real_fake_dataset/train/0_real/0340.jpg,0,train
/kaggle/input/real-fake-dataset/Real_fake_dataset/train/0_real/0341.jpg,0,train
/kaggle/input/real-fake-dataset/Real_fake_dataset/train/0_real/0342.jpg,0,train
/kaggle/input/real-fake-dataset/Real_fake_dataset/train/0_real/0343.jpg,0,train
/kaggle/input/real-fake-dataset/Real_fake_dataset/train/0_real/0344.jpg,0,train
/kaggle/input/real-fake-dataset/Real_fake_dataset/train/0_real/0345.jpg,0,train
/kaggle/input/real-fake-dataset/Real_fake_dataset/train/0_real/0346.jpg,0,train
/kaggle/input/real-fake-dataset/Real_fake_dataset/train/0_real/0347.jpg,0,train
/kaggle/input/real-fake-dataset/Real_fake_dataset/train/0_real/0348.jpg,0,train
/kaggle/input/real-fake-dataset/Real_fake_dataset/train/0_real/0349.jpg,0,train
/kaggle/input/real-fake-dataset/Real_fake_dataset/train/0_real/0350.jpg,0,train
/kaggle/input/real-fake-dataset/Real_fake_dataset/train/0_real/0351.jpg,0,train
/kaggle/input/real-fake-dataset/Real_fake_dataset/train/0_real/0352.jpg,0,train
/kaggle/input/real-fake-dataset/Real_fake_dataset/train/0_real/0353.jpg,0,train
/kaggle/input/real-fake-dataset/Real_fake_dataset/train/0_real/0354.jpg,0,train
/kaggle/input/real-fake-dataset/Real_fake_dataset/train/0_real/0355.jpg,0,train
/kaggle/input/real-fake-dataset/Real_fake_dataset/train/0_real/0356.jpg,0,train
/kaggle/input/real-fake-dataset/Real_fake_dataset/train/0_real/0357.jpg,0,train
/kaggle/input/real-fake-dataset/Real_fake_dataset/train/0_real/0358.jpg,0,train
/kaggle/input/real-fake-dataset/Real_fake_dataset/train/0_real/0359.jpg,0,train
/kaggle/input/real-fake-dataset/Real_fake_dataset/train/0_real/0360.jpg,0,train
/kaggle/input/real-fake-dataset/Real_fake_dataset/train/0_real/0361.jpg,0,train
/kaggle/input/real-fake-dataset/Real_fake_dataset/train/0_real/0362.jpg,0,train
/kaggle/input/real-fake-dataset/Real_fake_dataset/train/0_real/0363.jpg,0,train
/kaggle/input/real-fake-dataset/Real_fake_dataset/train/0_real/0364.jpg,0,train
/kaggle/input/real-fake-dataset/Real_fake_dataset/train/0_real/0365.jpg,0,train
/kaggle/input/real-fake-dataset/Real_fake_dataset/train/0_real/0366.jpg,0,train
/kaggle/input/real-fake-dataset/Real_fake_dataset/train/0_real/0367.jpg,0,train
/kaggle/input/real-fake-dataset/Real_fake_dataset/train/0_real/0368.jpg,0,train
/kaggle/input/real-fake-dataset/Real_fake_dataset/train/0_real/0369.jpg,0,train
/kaggle/input/real-fake-dataset/Real_fake_dataset/train/0_real/0370.jpg,0,train
/kaggle/input/real-fake-dataset/Real_fake_dataset/train/0_real/0371.jpg,0,train
/kaggle/input/real-fake-dataset/Real_fake_dataset/train/0_real/0372.jpg,0,train
/kaggle/input/real-fake-dataset/Real_fake_dataset/train/0_real/0373.jpg,0,train
/kaggle/input/real-fake-dataset/Real_fake_dataset/train/0_real/0374.jpg,0,train
/kaggle/input/real-fake-dataset/Real_fake_dataset/train/0_real/0375.jpg,0,train
/kaggle/input/real-fake-dataset/Real_fake_dataset/train/0_real/0376.jpg,0,train
/kaggle/input/real-fake-dataset/Real_fake_dataset/train/0_real/0377.jpg,0,train
/kaggle/input/real-fake-dataset/Real_fake_dataset/train/0_real/0378.jpg,0,train
/kaggle/input/real-fake-dataset/Real_fake_dataset/train/0_real/0379.jpg,0,train
/kaggle/input/real-fake-dataset/Real_fake_dataset/train/0_real/0380.jpg,0,train
/kaggle/input/real-fake-dataset/Real_fake_dataset/train/0_real/0381.jpg,0,train
/kaggle/input/real-fake-dataset/Real_fake_dataset/train/0_real/0382.jpg,0,train
/kaggle/input/real-fake-dataset/Real_fake_dataset/train/0_real/0383.jpg,0,train
/kaggle/input/real-fake-dataset/Real_fake_dataset/train/0_real/0384.jpg,0,train
/kaggle/input/real-fake-dataset/Real_fake_dataset/train/0_real/0385.jpg,0,train
/kaggle/input/real-fake-dataset/Real_fake_dataset/train/0_real/0386.jpg,0,train
/kaggle/input/real-fake-dataset/Real_fake_dataset/train/0_real/0387.jpg,0,train
/kaggle/input/real-fake-dataset/Real_fake_dataset/train/0_real/0388.jpg,0,train
/kaggle/input/real-fake-dataset/Real_fake_dataset/train/0_real/0389.jpg,0,train
/kaggle/input/real-fake-dataset/Real_fake_dataset/train/0_real/0390.jpg,0,train
/kaggle/input/real-fake-dataset/Real_fake_dataset/train/0_real/0391.jpg,0,train
/kaggle/input/real-fake-dataset/Real_fake_dataset/train/0_real/0392.jpg,0,train
/kaggle/input/real-fake-dataset/Real_fake_dataset/train/0_real/0393.jpg,0,train
/kaggle/input/real-fake-dataset/Real_fake_dataset/train/0_real/0394.jpg,0,train
/kaggle/input/real-fake-dataset/Real_fake_dataset/train/0_real/0395.jpg,0,train
/kaggle/input/real-fake-dataset/Real_fake_dataset/train/0_real/0396.jpg,0,train
/kaggle/input/real-fake-dataset/Real_fake_dataset/train/0_real/0397.jpg,0,train
/kaggle/input/real-fake-dataset/Real_fake_dataset/train/0_real/0398.jpg,0,train
/kaggle/input/real-fake-dataset/Real_fake_dataset/train/0_real/0399.jpg,0,train
/kaggle/input/real-fake-dataset/Real_fake_dataset/train/0_real/0400.jpg,0,train
/kaggle/input/real-fake-dataset/Real_fake_dataset/train/0_real/0401.jpg,0,train
/kaggle/input/real-fake-dataset/Real_fake_dataset/train/0_real/0402.jpg,0,train
/kaggle/input/real-fake-dataset/Real_fake_dataset/train/0_real/0403.jpg,0,train
/kaggle/input/real-fake-dataset/Real_fake_dataset/train/0_real/0404.jpg,0,train
/kaggle/input/real-fake-dataset/Real_fake_dataset/train/0_real/0405.jpg,0,train
/kaggle/input/real-fake-dataset/Real_fake_dataset/train/0_real/0406.jpg,0,train
/kaggle/input/real-fake-dataset/Real_fake_dataset/train/0_real/0407.jpg,0,train
/kaggle/input/real-fake-dataset/Real_fake_dataset/train/0_real/0408.jpg,0,train
/kaggle/input/real-fake-dataset/Real_fake_dataset/train/0_real/0409.jpg,0,train
/kaggle/input/real-fake-dataset/Real_fake_dataset/train/0_real/0410.jpg,0,train
/kaggle/input/real-fake-dataset/Real_fake_dataset/train/0_real/0411.jpg,0,train
/kaggle/input/real-fake-dataset/Real_fake_dataset/train/0_real/0412.jpg,0,train
/kaggle/input/real-fake-dataset/Real_fake_dataset/train/0_real/0413.jpg,0,train
/kaggle/input/real-fake-dataset/Real_fake_dataset/train/0_real/0414.jpg,0,train
/kaggle/input/real-fake-dataset/Real_fake_dataset/train/0_real/0415.jpg,0,train
/kaggle/input/real-fake-dataset/Real_fake_dataset/train/0_real/0416.jpg,0,train
/kaggle/input/real-fake-dataset/Real_fake_dataset/train/0_real/0417.jpg,0,train
/kaggle/input/real-fake-dataset/Real_fake_dataset/train/0_real/0418.jpg,0,train
/kaggle/input/real-fake-dataset/Real_fake_dataset/train/0_real/0419.jpg,0,train
/kaggle/input/real-fake-dataset/Real_fake_dataset/train/0_real/0420.jpg,0,train
/kaggle/input/real-fake-dataset/Real_fake_dataset/train/0_real/0421.jpg,0,train
/kaggle/input/real-fake-dataset/Real_fake_dataset/train/0_real/0422.jpg,0,train
/kaggle/input/real-fake-dataset/Real_fake_dataset/train/0_real/0423.jpg,0,train
/kaggle/input/real-fake-dataset/Real_fake_dataset/train/0_real/0424.jpg,0,train
/kaggle/input/real-fake-dataset/Real_fake_dataset/train/0_real/0425.jpg,0,train
/kaggle/input/real-fake-dataset/Real_fake_dataset/train/0_real/0426.jpg,0,train
/kaggle/input/real-fake-dataset/Real_fake_dataset/train/0_real/0427.jpg,0,train
/kaggle/input/real-fake-dataset/Real_fake_dataset/train/0_real/0428.jpg,0,train
/kaggle/input/real-fake-dataset/Real_fake_dataset/train/0_real/0429.jpg,0,train
/kaggle/input/real-fake-dataset/Real_fake_dataset/train/0_real/0430.jpg,0,train
/kaggle/input/real-fake-dataset/Real_fake_dataset/train/0_real/0431.jpg,0,train
/kaggle/input/real-fake-dataset/Real_fake_dataset/train/0_real/0432.jpg,0,train
/kaggle/input/real-fake-dataset/Real_fake_dataset/train/0_real/0433.jpg,0,train
/kaggle/input/real-fake-dataset/Real_fake_dataset/train/0_real/0434.jpg,0,train
/kaggle/input/real-fake-dataset/Real_fake_dataset/train/0_real/0435.jpg,0,train
/kaggle/input/real-fake-dataset/Real_fake_dataset/train/0_real/0436.jpg,0,train
/kaggle/input/real-fake-dataset/Real_fake_dataset/train/0_real/0437.jpg,0,train
/kaggle/input/real-fake-dataset/Real_fake_dataset/train/0_real/0438.jpg,0,train
/kaggle/input/real-fake-dataset/Real_fake_dataset/train/0_real/0439.jpg,0,train
/kaggle/input/real-fake-dataset/Real_fake_dataset/train/0_real/0440.jpg,0,train
/kaggle/input/real-fake-dataset/Real_fake_dataset/train/0_real/0441.jpg,0,train
/kaggle/input/real-fake-dataset/Real_fake_dataset/train/0_real/0442.jpg,0,train
/kaggle/input/real-fake-dataset/Real_fake_dataset/train/0_real/0443.jpg,0,train
/kaggle/input/real-fake-dataset/Real_fake_dataset/train/0_real/0444.jpg,0,train
/kaggle/input/real-fake-dataset/Real_fake_dataset/train/0_real/0445.jpg,0,train
/kaggle/input/real-fake-dataset/Real_fake_dataset/train/0_real/0446.jpg,0,train
/kaggle/input/real-fake-dataset/Real_fake_dataset/train/0_real/0447.jpg,0,train
/kaggle/input/real-fake-dataset/Real_fake_dataset/train/0_real/0448.jpg,0,train
/kaggle/input/real-fake-dataset/Real_fake_dataset/train/0_real/0449.jpg,0,train
/kaggle/input/real-fake-dataset/Real_fake_dataset/train/0_real/0450.jpg,0,train
/kaggle/input/real-fake-dataset/Real_fake_dataset/train/0_real/0451.jpg,0,train
/kaggle/input/real-fake-dataset/Real_fake_dataset/train/0_real/0452.jpg,0,train
/kaggle/input/real-fake-dataset/Real_fake_dataset/train/0_real/0453.jpg,0,train
/kaggle/input/real-fake-dataset/Real_fake_dataset/train/0_real/0454.jpg,0,train
/kaggle/input/real-fake-dataset/Real_fake_dataset/train/0_real/0455.jpg,0,train
/kaggle/input/real-fake-dataset/Real_fake_dataset/train/0_real/0456.jpg,0,train
/kaggle/input/real-fake-dataset/Real_fake_dataset/train/0_real/0457.jpg,0,train
/kaggle/input/real-fake-dataset/Real_fake_dataset/train/0_real/0458.jpg,0,train
/kaggle/input/real-fake-dataset/Real_fake_dataset/train/0_real/0459.jpg,0,train
/kaggle/input/real-fake-dataset/Real_fake_dataset/train/0_real/0460.jpg,0,train
/kaggle/input/real-fake-dataset/Real_fake_dataset/train/0_real/0461.jpg,0,train
/kaggle/input/real-fake-dataset/Real_fake_dataset/train/0_real/0462.jpg,0,train
/kaggle/input/real-fake-dataset/Real_fake_dataset/train/0_real/0463.jpg,0,train
/kaggle/input/real-fake-dataset/Real_fake_dataset/train/0_real/0464.jpg,0,train
/kaggle/input/real-fake-dataset/Real_fake_dataset/train/0_real/0465.jpg,0,train
/kaggle/input/real-fake-dataset/Real_fake_dataset/train/0_real/0466.jpg,0,train
/kaggle/input/real-fake-dataset/Real_fake_dataset/train/0_real/0467.jpg,0,train
/kaggle/input/real-fake-dataset/Real_fake_dataset/train/0_real/0468.jpg,0,train
/kaggle/input/real-fake-dataset/Real_fake_dataset/train/0_real/0469.jpg,0,train
/kaggle/input/real-fake-dataset/Real_fake_dataset/train/0_real/0470.jpg,0,train
/kaggle/input/real-fake-dataset/Real_fake_dataset/train/0_real/0471.jpg,0,train
/kaggle/input/real-fake-dataset/Real_fake_dataset/train/0_real/0472.jpg,0,train
/kaggle/input/real-fake-dataset/Real_fake_dataset/train/0_real/0473.jpg,0,train
/kaggle/input/real-fake-dataset/Real_fake_dataset/train/0_real/0474.jpg,0,train
/kaggle/input/real-fake-dataset/Real_fake_dataset/train/0_real/0475.jpg,0,train
/kaggle/input/real-fake-dataset/Real_fake_dataset/train/0_real/0476.jpg,0,train
/kaggle/input/real-fake-dataset/Real_fake_dataset/train/0_real/0477.jpg,0,train
/kaggle/input/real-fake-dataset/Real_fake_dataset/train/0_real/0478.jpg,0,train
/kaggle/input/real-fake-dataset/Real_fake_dataset/train/0_real/0479.jpg,0,train
/kaggle/input/real-fake-dataset/Real_fake_dataset/train/0_real/0480.jpg,0,train
/kaggle/input/real-fake-dataset/Real_fake_dataset/train/0_real/0481.jpg,0,train
/kaggle/input/real-fake-dataset/Real_fake_dataset/train/0_real/0482.jpg,0,train
/kaggle/input/real-fake-dataset/Real_fake_dataset/train/0_real/0483.jpg,0,train
/kaggle/input/real-fake-dataset/Real_fake_dataset/train/0_real/0484.jpg,0,train
/kaggle/input/real-fake-dataset/Real_fake_dataset/train/0_real/0485.jpg,0,train
/kaggle/input/real-fake-dataset/Real_fake_dataset/train/0_real/0486.jpg,0,train
/kaggle/input/real-fake-dataset/Real_fake_dataset/train/0_real/0487.jpg,0,train
/kaggle/input/real-fake-dataset/Real_fake_dataset/train/0_real/0488.jpg,0,train
/kaggle/input/real-fake-dataset/Real_fake_dataset/train/0_real/0489.jpg,0,train
/kaggle/input/real-fake-dataset/Real_fake_dataset/train/0_real/0490.jpg,0,train
/kaggle/input/real-fake-dataset/Real_fake_dataset/train/0_real/0491.jpg,0,train
/kaggle/input/real-fake-dataset/Real_fake_dataset/train/0_real/0492.jpg,0,train
/kaggle/input/real-fake-dataset/Real_fake_dataset/train/0_real/0493.jpg,0,train
/kaggle/input/real-fake-dataset/Real_fake_dataset/train/0_real/0494.jpg,0,train
/kaggle/input/real-fake-dataset/Real_fake_dataset/train/0_real/0495.jpg,0,train
/kaggle/input/real-fake-dataset/Real_fake_dataset/train/0_real/0496.jpg,0,train
/kaggle/input/real-fake-dataset/Real_fake_dataset/train/0_real/0497.jpg,0,train
/kaggle/input/real-fake-dataset/Real_fake_dataset/train/0_real/0498.jpg,0,train
/kaggle/input/real-fake-dataset/Real_fake_dataset/train/0_real/0499.jpg,0,train
/kaggle/input/real-fake-dataset/Real_fake_dataset/train/1_fake/0001.jpg,1,train
/kaggle/input/real-fake-dataset/Real_fake_dataset/train/1_fake/0002.jpg,1,train
/kaggle/input/real-fake-dataset/Real_fake_dataset/train/1_fake/0003.jpg,1,train
/kaggle/input/real-fake-dataset/Real_fake_dataset/train/1_fake/0004.jpg,1,train
/kaggle/input/real-fake-dataset/Real_fake_dataset/train/1_fake/0005.jpg,1,train
/kaggle/input/real-fake-dataset/Real_fake_dataset/train/1_fake/0006.jpg,1,train
/kaggle/input/real-fake-dataset/Real_fake_dataset/train/1_fake/0007.jpg,1,train
/kaggle/input/real-fake-dataset/Real_fake_dataset/train/1_fake/0008.jpg,1,train
/kaggle/input/real-fake-dataset/Real_fake_dataset/train/1_fake/0009.jpg,1,train
/kaggle/input/real-fake-dataset/Real_fake_dataset/train/1_fake/0010.jpg,1,train
/kaggle/input/real-fake-dataset/Real_fake_dataset/train/1_fake/0011.jpg,1,train
/kaggle/input/real-fake-dataset/Real_fake_dataset/train/1_fake/0012.jpg,1,train
/kaggle/input/real-fake-dataset/Real_fake_dataset/train/1_fake/0013.jpg,1,train
/kaggle/input/real-fake-dataset/Real_fake_dataset/train/1_fake/0014.jpg,1,train
/kaggle/input/real-fake-dataset/Real_fake_dataset/train/1_fake/0015.jpg,1,train
/kaggle/input/real-fake-dataset/Real_fake_dataset/train/1_fake/0016.jpg,1,train
/kaggle/input/real-fake-dataset/Real_fake_dataset/train/1_fake/0017.jpg,1,train
/kaggle/input/real-fake-dataset/Real_fake_dataset/train/1_fake/0018.jpg,1,train
/kaggle/input/real-fake-dataset/Real_fake_dataset/train/1_fake/0019.jpg,1,train
/kaggle/input/real-fake-dataset/Real_fake_dataset/train/1_fake/0020.jpg,1,train
/kaggle/input/real-fake-dataset/Real_fake_dataset/train/1_fake/0021.jpg,1,train
/kaggle/input/real-fake-dataset/Real_fake_dataset/train/1_fake/0022.jpg,1,train
/kaggle/input/real-fake-dataset/Real_fake_dataset/train/1_fake/0023.jpg,1,train
/kaggle/input/real-fake-dataset/Real_fake_dataset/train/1_fake/0024.jpg,1,train
/kaggle/input/real-fake-dataset/Real_fake_dataset/train/1_fake/0025.jpg,1,train
/kaggle/input/real-fake-dataset/Real_fake_dataset/train/1_fake/0026.jpg,1,train
/kaggle/input/real-fake-dataset/Real_fake_dataset/train/1_fake/0027.jpg,1,train
/kaggle/input/real-fake-dataset/Real_fake_dataset/train/1_fake/0028.jpg,1,train
/kaggle/input/real-fake-dataset/Real_fake_dataset/train/1_fake/0029.jpg,1,train
/kaggle/input/real-fake-dataset/Real_fake_dataset/train/1_fake/0030.jpg,1,train
/kaggle/input/real-fake-dataset/Real_fake_dataset/train/1_fake/0031.jpg,1,train
/kaggle/input/real-fake-dataset/Real_fake_dataset/train/1_fake/0032.jpg,1,train
/kaggle/input/real-fake-dataset/Real_fake_dataset/train/1_fake/0033.jpg,1,train
/kaggle/input/real-fake-dataset/Real_fake_dataset/train/1_fake/0034.jpg,1,train
/kaggle/input/real-fake-dataset/Real_fake_dataset/train/1_fake/0035.jpg,1,train
/kaggle/input/real-fake-dataset/Real_fake_dataset/train/1_fake/0036.jpg,1,train
/kaggle/input/real-fake-dataset/Real_fake_dataset/train/1_fake/0037.jpg,1,train
/kaggle/input/real-fake-dataset/Real_fake_dataset/train/1_fake/0038.jpg,1,train
/kaggle/input/real-fake-dataset/Real_fake_dataset/train/1_fake/0039.jpg,1,train
/kaggle/input/real-fake-dataset/Real_fake_dataset/train/1_fake/0040.jpg,1,train
/kaggle/input/real-fake-dataset/Real_fake_dataset/train/1_fake/0041.jpg,1,train
/kaggle/input/real-fake-dataset/Real_fake_dataset/train/1_fake/0042.jpg,1,train
/kaggle/input/real-fake-dataset/Real_fake_dataset/train/1_fake/0043.jpg,1,train
/kaggle/input/real-fake-dataset/Real_fake_dataset/train/1_fake/0044.jpg,1,train
/kaggle/input/real-fake-dataset/Real_fake_dataset/train/1_fake/0045.jpg,1,train
/kaggle/input/real-fake-dataset/Real_fake_dataset/train/1_fake/0046.jpg,1,train
/kaggle/input/real-fake-dataset/Real_fake_dataset/train/1_fake/0047.jpg,1,train
/kaggle/input/real-fake-dataset/Real_fake_dataset/train/1_fake/0048.jpg,1,train
/kaggle/input/real-fake-dataset/Real_fake_dataset/train/1_fake/0049.jpg,1,train
/kaggle/input/real-fake-dataset/Real_fake_dataset/train/1_fake/0050.jpg,1,train
/kaggle/input/real-fake-dataset/Real_fake_dataset/train/1_fake/0051.jpg,1,train
/kaggle/input/real-fake-dataset/Real_fake_dataset/train/1_fake/0052.jpg,1,train
/kaggle/input/real-fake-dataset/Real_fake_dataset/train/1_fake/0053.jpg,1,train
/kaggle/input/real-fake-dataset/Real_fake_dataset/train/1_fake/0054.jpg,1,train
/kaggle/input/real-fake-dataset/Real_fake_dataset/train/1_fake/0055.jpg,1,train
/kaggle/input/real-fake-dataset/Real_fake_dataset/train/1_fake/0056.jpg,1,train
/kaggle/input/real-fake-dataset/Real_fake_dataset/train/1_fake/0057.jpg,1,train
/kaggle/input/real-fake-dataset/Real_fake_dataset/train/1_fake/0058.jpg,1,train
/kaggle/input/real-fake-dataset/Real_fake_dataset/train/1_fake/0059.jpg,1,train
/kaggle/input/real-fake-dataset/Real_fake_dataset/train/1_fake/0060.jpg,1,train
/kaggle/input/real-fake-dataset/Real_fake_dataset/train/1_fake/0061.jpg,1,train
/kaggle/input/real-fake-dataset/Real_fake_dataset/train/1_fake/0062.jpg,1,train
/kaggle/input/real-fake-dataset/Real_fake_dataset/train/1_fake/0063.jpg,1,train
/kaggle/input/real-fake-dataset/Real_fake_dataset/train/1_fake/0064.jpg,1,train
/kaggle/input/real-fake-dataset/Real_fake_dataset/train/1_fake/0065.jpg,1,train
/kaggle/input/real-fake-dataset/Real_fake_dataset/train/1_fake/0066.jpg,1,train
/kaggle/input/real-fake-dataset/Real_fake_dataset/train/1_fake/0067.jpg,1,train
/kaggle/input/real-fake-dataset/Real_fake_dataset/train/1_fake/0068.jpg,1,train
/kaggle/input/real-fake-dataset/Real_fake_dataset/train/1_fake/0069.jpg,1,train
/kaggle/input/real-fake-dataset/Real_fake_dataset/train/1_fake/0070.jpg,1,train
/kaggle/input/real-fake-dataset/Real_fake_dataset/train/1_fake/0071.jpg,1,train
/kaggle/input/real-fake-dataset/Real_fake_dataset/train/1_fake/0072.jpg,1,train
/kaggle/input/real-fake-dataset/Real_fake_dataset/train/1_fake/0073.jpg,1,train
/kaggle/input/real-fake-dataset/Real_fake_dataset/train/1_fake/0074.jpg,1,train
/kaggle/input/real-fake-dataset/Real_fake_dataset/train/1_fake/0075.jpg,1,train
/kaggle/input/real-fake-dataset/Real_fake_dataset/train/1_fake/0076.jpg,1,train
/kaggle/input/real-fake-dataset/Real_fake_dataset/train/1_fake/0077.jpg,1,train
/kaggle/input/real-fake-dataset/Real_fake_dataset/train/1_fake/0078.jpg,1,train
/kaggle/input/real-fake-dataset/Real_fake_dataset/train/1_fake/0079.jpg,1,train
/kaggle/input/real-fake-dataset/Real_fake_dataset/train/1_fake/0080.jpg,1,train
/kaggle/input/real-fake-dataset/Real_fake_dataset/train/1_fake/0081.jpg,1,train
/kaggle/input/real-fake-dataset/Real_fake_dataset/train/1_fake/0082.jpg,1,train
/kaggle/input/real-fake-dataset/Real_fake_dataset/train/1_fake/0083.jpg,1,train
/kaggle/input/real-fake-dataset/Real_fake_dataset/train/1_fake/0084.jpg,1,train
/kaggle/input/real-fake-dataset/Real_fake_dataset/train/1_fake/0085.jpg,1,train
/kaggle/input/real-fake-dataset/Real_fake_dataset/train/1_fake/0086.jpg,1,train
/kaggle/input/real-fake-dataset/Real_fake_dataset/train/1_fake/0087.jpg,1,train
/kaggle/input/real-fake-dataset/Real_fake_dataset/train/1_fake/0088.jpg,1,train
/kaggle/input/real-fake-dataset/Real_fake_dataset/train/1_fake/0089.jpg,1,train
/kaggle/input/real-fake-dataset/Real_fake_dataset/train/1_fake/0090.jpg,1,train
/kaggle/input/real-fake-dataset/Real_fake_dataset/train/1_fake/0091.jpg,1,train
/kaggle/input/real-fake-dataset/Real_fake_dataset/train/1_fake/0092.jpg,1,train
/kaggle/input/real-fake-dataset/Real_fake_dataset/train/1_fake/0093.jpg,1,train
/kaggle/input/real-fake-dataset/Real_fake_dataset/train/1_fake/0094.jpg,1,train
/kaggle/input/real-fake-dataset/Real_fake_dataset/train/1_fake/0095.jpg,1,train
/kaggle/input/real-fake-dataset/Real_fake_dataset/train/1_fake/0096.jpg,1,train
/kaggle/input/real-fake-dataset/Real_fake_dataset/train/1_fake/0097.jpg,1,train
/kaggle/input/real-fake-dataset/Real_fake_dataset/train/1_fake/0098.jpg,1,train
/kaggle/input/real-fake-dataset/Real_fake_dataset/train/1_fake/0099.jpg,1,train
/kaggle/input/real-fake-dataset/Real_fake_dataset/train/1_fake/0100.jpg,1,train
/kaggle/input/real-fake-dataset/Real_fake_dataset/train/1_fake/0101.jpg,1,train
/kaggle/input/real-fake-dataset/Real_fake_dataset/train/1_fake/0102.jpg,1,train
/kaggle/input/real-fake-dataset/Real_fake_dataset/train/1_fake/0103.jpg,1,train
/kaggle/input/real-fake-dataset/Real_fake_dataset/train/1_fake/0104.jpg,1,train
/kaggle/input/real-fake-dataset/Real_fake_dataset/train/1_fake/0105.jpg,1,train
/kaggle/input/real-fake-dataset/Real_fake_dataset/train/1_fake/0106.jpg,1,train
/kaggle/input/real-fake-dataset/Real_fake_dataset/train/1_fake/0107.jpg,1,train
/kaggle/input/real-fake-dataset/Real_fake_dataset/train/1_fake/0108.jpg,1,train
/kaggle/input/real-fake-dataset/Real_fake_dataset/train/1_fake/0109.jpg,1,train
/kaggle/input/real-fake-dataset/Real_fake_dataset/train/1_fake/0110.jpg,1,train
/kaggle/input/real-fake-dataset/Real_fake_dataset/train/1_fake/0111.jpg,1,train
/kaggle/input/real-fake-dataset/Real_fake_dataset/train/1_fake/0112.jpg,1,train
/kaggle/input/real-fake-dataset/Real_fake_dataset/train/1_fake/0113.jpg,1,train
/kaggle/input/real-fake-dataset/Real_fake_dataset/train/1_fake/0114.jpg,1,train
/kaggle/input/real-fake-dataset/Real_fake_dataset/train/1_fake/0115.jpg,1,train
/kaggle/input/real-fake-dataset/Real_fake_dataset/train/1_fake/0116.jpg,1,train
/kaggle/input/real-fake-dataset/Real_fake_dataset/train/1_fake/0117.jpg,1,train
/kaggle/input/real-fake-dataset/Real_fake_dataset/train/1_fake/0118.jpg,1,train
/kaggle/input/real-fake-dataset/Real_fake_dataset/train/1_fake/0119.jpg,1,train
/kaggle/input/real-fake-dataset/Real_fake_dataset/train/1_fake/0120.jpg,1,train
/kaggle/input/real-fake-dataset/Real_fake_dataset/train/1_fake/0121.jpg,1,train
/kaggle/input/real-fake-dataset/Real_fake_dataset/train/1_fake/0122.jpg,1,train
/kaggle/input/real-fake-dataset/Real_fake_dataset/train/1_fake/0123.jpg,1,train
/kaggle/input/real-fake-dataset/Real_fake_dataset/train/1_fake/0124.jpg,1,train
/kaggle/input/real-fake-dataset/Real_fake_dataset/train/1_fake/0125.jpg,1,train
/kaggle/input/real-fake-dataset/Real_fake_dataset/train/1_fake/0126.jpg,1,train
/kaggle/input/real-fake-dataset/Real_fake_dataset/train/1_fake/0127.jpg,1,train
/kaggle/input/real-fake-dataset/Real_fake_dataset/train/1_fake/0128.jpg,1,train
/kaggle/input/real-fake-dataset/Real_fake_dataset/train/1_fake/0129.jpg,1,train
/kaggle/input/real-fake-dataset/Real_fake_dataset/train/1_fake/0130.jpg,1,train
/kaggle/input/real-fake-dataset/Real_fake_dataset/train/1_fake/0131.jpg,1,train
/kaggle/input/real-fake-dataset/Real_fake_dataset/train/1_fake/0132.jpg,1,train
/kaggle/input/real-fake-dataset/Real_fake_dataset/train/1_fake/0133.jpg,1,train
/kaggle/input/real-fake-dataset/Real_fake_dataset/train/1_fake/0134.jpg,1,train
/kaggle/input/real-fake-dataset/Real_fake_dataset/train/1_fake/0135.jpg,1,train
/kaggle/input/real-fake-dataset/Real_fake_dataset/train/1_fake/0136.jpg,1,train
/kaggle/input/real-fake-dataset/Real_fake_dataset/train/1_fake/0137.jpg,1,train
/kaggle/input/real-fake-dataset/Real_fake_dataset/train/1_fake/0138.jpg,1,train
/kaggle/input/real-fake-dataset/Real_fake_dataset/train/1_fake/0139.jpg,1,train
/kaggle/input/real-fake-dataset/Real_fake_dataset/train/1_fake/0140.jpg,1,train
/kaggle/input/real-fake-dataset/Real_fake_dataset/train/1_fake/0141.jpg,1,train
/kaggle/input/real-fake-dataset/Real_fake_dataset/train/1_fake/0142.jpg,1,train
/kaggle/input/real-fake-dataset/Real_fake_dataset/train/1_fake/0143.jpg,1,train
/kaggle/input/real-fake-dataset/Real_fake_dataset/train/1_fake/0144.jpg,1,train
/kaggle/input/real-fake-dataset/Real_fake_dataset/train/1_fake/0145.jpg,1,train
/kaggle/input/real-fake-dataset/Real_fake_dataset/train/1_fake/0146.jpg,1,train
/kaggle/input/real-fake-dataset/Real_fake_dataset/train/1_fake/0147.jpg,1,train
/kaggle/input/real-fake-dataset/Real_fake_dataset/train/1_fake/0148.jpg,1,train
/kaggle/input/real-fake-dataset/Real_fake_dataset/train/1_fake/0149.jpg,1,train
/kaggle/input/real-fake-dataset/Real_fake_dataset/train/1_fake/0150.jpg,1,train
/kaggle/input/real-fake-dataset/Real_fake_dataset/train/1_fake/0151.jpg,1,train
/kaggle/input/real-fake-dataset/Real_fake_dataset/train/1_fake/0152.jpg,1,train
/kaggle/input/real-fake-dataset/Real_fake_dataset/train/1_fake/0153.jpg,1,train
/kaggle/input/real-fake-dataset/Real_fake_dataset/train/1_fake/0154.jpg,1,train
/kaggle/input/real-fake-dataset/Real_fake_dataset/train/1_fake/0155.jpg,1,train
/kaggle/input/real-fake-dataset/Real_fake_dataset/train/1_fake/0156.jpg,1,train
/kaggle/input/real-fake-dataset/Real_fake_dataset/train/1_fake/0157.jpg,1,train
/kaggle/input/real-fake-dataset/Real_fake_dataset/train/1_fake/0158.jpg,1,train
/kaggle/input/real-fake-dataset/Real_fake_dataset/train/1_fake/0159.jpg,1,train
/kaggle/input/real-fake-dataset/Real_fake_dataset/train/1_fake/0160.jpg,1,train
/kaggle/input/real-fake-dataset/Real_fake_dataset/train/1_fake/0161.jpg,1,train
/kaggle/input/real-fake-dataset/Real_fake_dataset/train/1_fake/0162.jpg,1,train
/kaggle/input/real-fake-dataset/Real_fake_dataset/train/1_fake/0163.jpg,1,train
/kaggle/input/real-fake-dataset/Real_fake_dataset/train/1_fake/0164.jpg,1,train
/kaggle/input/real-fake-dataset/Real_fake_dataset/train/1_fake/0165.jpg,1,train
/kaggle/input/real-fake-dataset/Real_fake_dataset/train/1_fake/0166.jpg,1,train
/kaggle/input/real-fake-dataset/Real_fake_dataset/train/1_fake/0167.jpg,1,train
/kaggle/input/real-fake-dataset/Real_fake_dataset/train/1_fake/0168.jpg,1,train
/kaggle/input/real-fake-dataset/Real_fake_dataset/train/1_fake/0169.jpg,1,train
/kaggle/input/real-fake-dataset/Real_fake_dataset/train/1_fake/0170.jpg,1,train
/kaggle/input/real-fake-dataset/Real_fake_dataset/train/1_fake/0171.jpg,1,train
/kaggle/input/real-fake-dataset/Real_fake_dataset/train/1_fake/0172.jpg,1,train
/kaggle/input/real-fake-dataset/Real_fake_dataset/train/1_fake/0173.jpg,1,train
/kaggle/input/real-fake-dataset/Real_fake_dataset/train/1_fake/0174.jpg,1,train
/kaggle/input/real-fake-dataset/Real_fake_dataset/train/1_fake/0175.jpg,1,train
/kaggle/input/real-fake-dataset/Real_fake_dataset/train/1_fake/0176.jpg,1,train
/kaggle/input/real-fake-dataset/Real_fake_dataset/train/1_fake/0177.jpg,1,train
/kaggle/input/real-fake-dataset/Real_fake_dataset/train/1_fake/0178.jpg,1,train
/kaggle/input/real-fake-dataset/Real_fake_dataset/train/1_fake/0179.jpg,1,train
/kaggle/input/real-fake-dataset/Real_fake_dataset/train/1_fake/0180.jpg,1,train
/kaggle/input/real-fake-dataset/Real_fake_dataset/train/1_fake/0181.jpg,1,train
/kaggle/input/real-fake-dataset/Real_fake_dataset/train/1_fake/0182.jpg,1,train
/kaggle/input/real-fake-dataset/Real_fake_dataset/train/1_fake/0183.jpg,1,train
/kaggle/input/real-fake-dataset/Real_fake_dataset/train/1_fake/0184.jpg,1,train
/kaggle/input/real-fake-dataset/Real_fake_dataset/train/1_fake/0185.jpg,1,train
/kaggle/input/real-fake-dataset/Real_fake_dataset/train/1_fake/0186.jpg,1,train
/kaggle/input/real-fake-dataset/Real_fake_dataset/train/1_fake/0187.jpg,1,train
/kaggle/input/real-fake-dataset/Real_fake_dataset/train/1_fake/0188.jpg,1,train
/kaggle/input/real-fake-dataset/Real_fake_dataset/train/1_fake/0189.jpg,1,train
/kaggle/input/real-fake-dataset/Real_fake_dataset/train/1_fake/0190.jpg,1,train
/kaggle/input/real-fake-dataset/Real_fake_dataset/train/1_fake/0191.jpg,1,train
/kaggle/input/real-fake-dataset/Real_fake_dataset/train/1_fake/0192.jpg,1,train
/kaggle/input/real-fake-dataset/Real_fake_dataset/train/1_fake/0193.jpg,1,train
/kaggle/input/real-fake-dataset/Real_fake_dataset/train/1_fake/0194.jpg,1,train
/kaggle/input/real-fake-dataset/Real_fake_dataset/train/1_fake/0195.jpg,1,train
/kaggle/input/real-fake-dataset/Real_fake_dataset/train/1_fake/0196.jpg,1,train
/kaggle/input/real-fake-dataset/Real_fake_dataset/train/1_fake/0197.jpg,1,train
/kaggle/input/real-fake-dataset/Real_fake_dataset/train/1_fake/0198.jpg,1,train
/kaggle/input/real-fake-dataset/Real_fake_dataset/train/1_fake/0199.jpg,1,train
/kaggle/input/real-fake-dataset/Real_fake_dataset/train/1_fake/0200.jpg,1,train
/kaggle/input/real-fake-dataset/Real_fake_dataset/train/1_fake/0201.jpg,1,train
/kaggle/input/real-fake-dataset/Real_fake_dataset/train/1_fake/0202.jpg,1,train
/kaggle/input/real-fake-dataset/Real_fake_dataset/train/1_fake/0203.jpg,1,train
/kaggle/input/real-fake-dataset/Real_fake_dataset/train/1_fake/0204.jpg,1,train
/kaggle/input/real-fake-dataset/Real_fake_dataset/train/1_fake/0205.jpg,1,train
/kaggle/input/real-fake-dataset/Real_fake_dataset/train/1_fake/0206.jpg,1,train
/kaggle/input/real-fake-dataset/Real_fake_dataset/train/1_fake/0207.jpg,1,train
/kaggle/input/real-fake-dataset/Real_fake_dataset/train/1_fake/0208.jpg,1,train
/kaggle/input/real-fake-dataset/Real_fake_dataset/train/1_fake/0209.jpg,1,train
/kaggle/input/real-fake-dataset/Real_fake_dataset/train/1_fake/0210.jpg,1,train
/kaggle/input/real-fake-dataset/Real_fake_dataset/train/1_fake/0211.jpg,1,train
/kaggle/input/real-fake-dataset/Real_fake_dataset/train/1_fake/0212.jpg,1,train
/kaggle/input/real-fake-dataset/Real_fake_dataset/train/1_fake/0213.jpg,1,train
/kaggle/input/real-fake-dataset/Real_fake_dataset/train/1_fake/0214.jpg,1,train
/kaggle/input/real-fake-dataset/Real_fake_dataset/train/1_fake/0215.jpg,1,train
/kaggle/input/real-fake-dataset/Real_fake_dataset/train/1_fake/0216.jpg,1,train
/kaggle/input/real-fake-dataset/Real_fake_dataset/train/1_fake/0217.jpg,1,train
/kaggle/input/real-fake-dataset/Real_fake_dataset/train/1_fake/0218.jpg,1,train
/kaggle/input/real-fake-dataset/Real_fake_dataset/train/1_fake/0219.jpg,1,train
/kaggle/input/real-fake-dataset/Real_fake_dataset/train/1_fake/0220.jpg,1,train
/kaggle/input/real-fake-dataset/Real_fake_dataset/train/1_fake/0221.jpg,1,train
/kaggle/input/real-fake-dataset/Real_fake_dataset/train/1_fake/0222.jpg,1,train
/kaggle/input/real-fake-dataset/Real_fake_dataset/train/1_fake/0223.jpg,1,train
/kaggle/input/real-fake-dataset/Real_fake_dataset/train/1_fake/0224.jpg,1,train
/kaggle/input/real-fake-dataset/Real_fake_dataset/train/1_fake/0225.jpg,1,train
/kaggle/input/real-fake-dataset/Real_fake_dataset/train/1_fake/0226.jpg,1,train
/kaggle/input/real-fake-dataset/Real_fake_dataset/train/1_fake/0227.jpg,1,train
/kaggle/input/real-fake-dataset/Real_fake_dataset/train/1_fake/0228.jpg,1,train
/kaggle/input/real-fake-dataset/Real_fake_dataset/train/1_fake/0229.jpg,1,train
/kaggle/input/real-fake-dataset/Real_fake_dataset/train/1_fake/0230.jpg,1,train
/kaggle/input/real-fake-dataset/Real_fake_dataset/train/1_fake/0231.jpg,1,train
/kaggle/input/real-fake-dataset/Real_fake_dataset/train/1_fake/0232.jpg,1,train
/kaggle/input/real-fake-dataset/Real_fake_dataset/train/1_fake/0233.jpg,1,train
/kaggle/input/real-fake-dataset/Real_fake_dataset/train/1_fake/0234.jpg,1,train
/kaggle/input/real-fake-dataset/Real_fake_dataset/train/1_fake/0235.jpg,1,train
/kaggle/input/real-fake-dataset/Real_fake_dataset/train/1_fake/0236.jpg,1,train
/kaggle/input/real-fake-dataset/Real_fake_dataset/train/1_fake/0237.jpg,1,train
/kaggle/input/real-fake-dataset/Real_fake_dataset/train/1_fake/0238.jpg,1,train
/kaggle/input/real-fake-dataset/Real_fake_dataset/train/1_fake/0239.jpg,1,train
/kaggle/input/real-fake-dataset/Real_fake_dataset/train/1_fake/0240.jpg,1,train
/kaggle/input/real-fake-dataset/Real_fake_dataset/train/1_fake/0241.jpg,1,train
/kaggle/input/real-fake-dataset/Real_fake_dataset/train/1_fake/0242.jpg,1,train
/kaggle/input/real-fake-dataset/Real_fake_dataset/train/1_fake/0243.jpg,1,train
/kaggle/input/real-fake-dataset/Real_fake_dataset/train/1_fake/0244.jpg,1,train
/kaggle/input/real-fake-dataset/Real_fake_dataset/train/1_fake/0245.jpg,1,train
/kaggle/input/real-fake-dataset/Real_fake_dataset/train/1_fake/0246.jpg,1,train
/kaggle/input/real-fake-dataset/Real_fake_dataset/train/1_fake/0247.jpg,1,train
/kaggle/input/real-fake-dataset/Real_fake_dataset/train/1_fake/0248.jpg,1,train
/kaggle/input/real-fake-dataset/Real_fake_dataset/train/1_fake/0249.jpg,1,train
/kaggle/input/real-fake-dataset/Real_fake_dataset/train/1_fake/0250.jpg,1,train
/kaggle/input/real-fake-dataset/Real_fake_dataset/train/1_fake/0251.jpg,1,train
/kaggle/input/real-fake-dataset/Real_fake_dataset/train/1_fake/0252.jpg,1,train
/kaggle/input/real-fake-dataset/Real_fake_dataset/train/1_fake/0253.jpg,1,train
/kaggle/input/real-fake-dataset/Real_fake_dataset/train/1_fake/0254.jpg,1,train
/kaggle/input/real-fake-dataset/Real_fake_dataset/train/1_fake/0255.jpg,1,train
/kaggle/input/real-fake-dataset/Real_fake_dataset/train/1_fake/0256.jpg,1,train
/kaggle/input/real-fake-dataset/Real_fake_dataset/train/1_fake/0257.jpg,1,train
/kaggle/input/real-fake-dataset/Real_fake_dataset/train/1_fake/0258.jpg,1,train
/kaggle/input/real-fake-dataset/Real_fake_dataset/train/1_fake/0259.jpg,1,train
/kaggle/input/real-fake-dataset/Real_fake_dataset/train/1_fake/0260.jpg,1,train
/kaggle/input/real-fake-dataset/Real_fake_dataset/train/1_fake/0261.jpg,1,train
/kaggle/input/real-fake-dataset/Real_fake_dataset/train/1_fake/0262.jpg,1,train
/kaggle/input/real-fake-dataset/Real_fake_dataset/train/1_fake/0263.jpg,1,train
/kaggle/input/real-fake-dataset/Real_fake_dataset/train/1_fake/0264.jpg,1,train
/kaggle/input/real-fake-dataset/Real_fake_dataset/train/1_fake/0265.jpg,1,train
/kaggle/input/real-fake-dataset/Real_fake_dataset/train/1_fake/0266.jpg,1,train
/kaggle/input/real-fake-dataset/Real_fake_dataset/train/1_fake/0267.jpg,1,train
/kaggle/input/real-fake-dataset/Real_fake_dataset/train/1_fake/0268.jpg,1,train
/kaggle/input/real-fake-dataset/Real_fake_dataset/train/1_fake/0269.jpg,1,train
/kaggle/input/real-fake-dataset/Real_fake_dataset/train/1_fake/0270.jpg,1,train
/kaggle/input/real-fake-dataset/Real_fake_dataset/train/1_fake/0271.jpg,1,train
/kaggle/input/real-fake-dataset/Real_fake_dataset/train/1_fake/0272.jpg,1,train
/kaggle/input/real-fake-dataset/Real_fake_dataset/train/1_fake/0273.jpg,1,train
/kaggle/input/real-fake-dataset/Real_fake_dataset/train/1_fake/0274.jpg,1,train
/kaggle/input/real-fake-dataset/Real_fake_dataset/train/1_fake/0275.jpg,1,train
/kaggle/input/real-fake-dataset/Real_fake_dataset/train/1_fake/0276.jpg,1,train
/kaggle/input/real-fake-dataset/Real_fake_dataset/train/1_fake/0277.jpg,1,train
/kaggle/input/real-fake-dataset/Real_fake_dataset/train/1_fake/0278.jpg,1,train
/kaggle/input/real-fake-dataset/Real_fake_dataset/train/1_fake/0279.jpg,1,train
/kaggle/input/real-fake-dataset/Real_fake_dataset/train/1_fake/0280.jpg,1,train
/kaggle/input/real-fake-dataset/Real_fake_dataset/train/1_fake/0281.jpg,1,train
/kaggle/input/real-fake-dataset/Real_fake_dataset/train/1_fake/0282.jpg,1,train
/kaggle/input/real-fake-dataset/Real_fake_dataset/train/1_fake/0283.jpg,1,train
/kaggle/input/real-fake-dataset/Real_fake_dataset/train/1_fake/0284.jpg,1,train
/kaggle/input/real-fake-dataset/Real_fake_dataset/train/1_fake/0285.jpg,1,train
/kaggle/input/real-fake-dataset/Real_fake_dataset/train/1_fake/0286.jpg,1,train
/kaggle/input/real-fake-dataset/Real_fake_dataset/train/1_fake/0287.jpg,1,train
/kaggle/input/real-fake-dataset/Real_fake_dataset/train/1_fake/0288.jpg,1,train
/kaggle/input/real-fake-dataset/Real_fake_dataset/train/1_fake/0289.jpg,1,train
/kaggle/input/real-fake-dataset/Real_fake_dataset/train/1_fake/0290.jpg,1,train
/kaggle/input/real-fake-dataset/Real_fake_dataset/train/1_fake/0291.jpg,1,train
/kaggle/input/real-fake-dataset/Real_fake_dataset/train/1_fake/0292.jpg,1,train
/kaggle/input/real-fake-dataset/Real_fake_dataset/train/1_fake/0293.jpg,1,train
/kaggle/input/real-fake-dataset/Real_fake_dataset/train/1_fake/0294.jpg,1,train
/kaggle/input/real-fake-dataset/Real_fake_dataset/train/1_fake/0295.jpg,1,train
/kaggle/input/real-fake-dataset/Real_fake_dataset/train/1_fake/0296.jpg,1,train
/kaggle/input/real-fake-dataset/Real_fake_dataset/train/1_fake/0297.jpg,1,train
/kaggle/input/real-fake-dataset/Real_fake_dataset/train/1_fake/0298.jpg,1,train
/kaggle/input/real-fake-dataset/Real_fake_dataset/train/1_fake/0299.jpg,1,train
/kaggle/input/real-fake-dataset/Real_fake_dataset/train/1_fake/0300.jpg,1,train
/kaggle/input/real-fake-dataset/Real_fake_dataset/train/1_fake/0301.jpg,1,train
/kaggle/input/real-fake-dataset/Real_fake_dataset/train/1_fake/0302.jpg,1,train
/kaggle/input/real-fake-dataset/Real_fake_dataset/train/1_fake/0303.jpg,1,train
/kaggle/input/real-fake-dataset/Real_fake_dataset/train/1_fake/0304.jpg,1,train
/kaggle/input/real-fake-dataset/Real_fake_dataset/train/1_fake/0305.jpg,1,train
/kaggle/input/real-fake-dataset/Real_fake_dataset/train/1_fake/0306.jpg,1,train
/kaggle/input/real-fake-dataset/Real_fake_dataset/train/1_fake/0307.jpg,1,train
/kaggle/input/real-fake-dataset/Real_fake_dataset/train/1_fake/0308.jpg,1,train
/kaggle/input/real-fake-dataset/Real_fake_dataset/train/1_fake/0309.jpg,1,train
/kaggle/input/real-fake-dataset/Real_fake_dataset/train/1_fake/0310.jpg,1,train
/kaggle/input/real-fake-dataset/Real_fake_dataset/train/1_fake/0311.jpg,1,train
/kaggle/input/real-fake-dataset/Real_fake_dataset/train/1_fake/0312.jpg,1,train
/kaggle/input/real-fake-dataset/Real_fake_dataset/train/1_fake/0313.jpg,1,train
/kaggle/input/real-fake-dataset/Real_fake_dataset/train/1_fake/0314.jpg,1,train
/kaggle/input/real-fake-dataset/Real_fake_dataset/train/1_fake/0315.jpg,1,train
/kaggle/input/real-fake-dataset/Real_fake_dataset/train/1_fake/0316.jpg,1,train
/kaggle/input/real-fake-dataset/Real_fake_dataset/train/1_fake/0317.jpg,1,train
/kaggle/input/real-fake-dataset/Real_fake_dataset/train/1_fake/0318.jpg,1,train
/kaggle/input/real-fake-dataset/Real_fake_dataset/train/1_fake/0319.jpg,1,train
/kaggle/input/real-fake-dataset/Real_fake_dataset/train/1_fake/0320.jpg,1,train
/kaggle/input/real-fake-dataset/Real_fake_dataset/train/1_fake/0321.jpg,1,train
/kaggle/input/real-fake-dataset/Real_fake_dataset/train/1_fake/0322.jpg,1,train
/kaggle/input/real-fake-dataset/Real_fake_dataset/train/1_fake/0323.jpg,1,train
/kaggle/input/real-fake-dataset/Real_fake_dataset/train/1_fake/0324.jpg,1,train
/kaggle/input/real-fake-dataset/Real_fake_dataset/train/1_fake/0325.jpg,1,train
/kaggle/input/real-fake-dataset/Real_fake_dataset/train/1_fake/0326.jpg,1,train
/kaggle/input/real-fake-dataset/Real_fake_dataset/train/1_fake/0327.jpg,1,train
/kaggle/input/real-fake-dataset/Real_fake_dataset/train/1_fake/0328.jpg,1,train
/kaggle/input/real-fake-dataset/Real_fake_dataset/train/1_fake/0329.jpg,1,train
/kaggle/input/real-fake-dataset/Real_fake_dataset/train/1_fake/0330.jpg,1,train
/kaggle/input/real-fake-dataset/Real_fake_dataset/train/1_fake/0331.jpg,1,train
/kaggle/input/real-fake-dataset/Real_fake_dataset/train/1_fake/0332.jpg,1,train
/kaggle/input/real-fake-dataset/Real_fake_dataset/train/1_fake/0333.jpg,1,train
/kaggle/input/real-fake-dataset/Real_fake_dataset/train/1_fake/0334.jpg,1,train
/kaggle/input/real-fake-dataset/Real_fake_dataset/train/1_fake/0335.jpg,1,train
/kaggle/input/real-fake-dataset/Real_fake_dataset/train/1_fake/0336.jpg,1,train
/kaggle/input/real-fake-dataset/Real_fake_dataset/train/1_fake/0337.jpg,1,train
/kaggle/input/real-fake-dataset/Real_fake_dataset/train/1_fake/0338.jpg,1,train
/kaggle/input/real-fake-dataset/Real_fake_dataset/train/1_fake/0339.jpg,1,train
/kaggle/input/real-fake-dataset/Real_fake_dataset/train/1_fake/0340.jpg,1,train
/kaggle/input/real-fake-dataset/Real_fake_dataset/train/1_fake/0341.jpg,1,train
/kaggle/input/real-fake-dataset/Real_fake_dataset/train/1_fake/0342.jpg,1,train
/kaggle/input/real-fake-dataset/Real_fake_dataset/train/1_fake/0343.jpg,1,train
/kaggle/input/real-fake-dataset/Real_fake_dataset/train/1_fake/0344.jpg,1,train
/kaggle/input/real-fake-dataset/Real_fake_dataset/train/1_fake/0345.jpg,1,train
/kaggle/input/real-fake-dataset/Real_fake_dataset/train/1_fake/0346.jpg,1,train
/kaggle/input/real-fake-dataset/Real_fake_dataset/train/1_fake/0347.jpg,1,train
/kaggle/input/real-fake-dataset/Real_fake_dataset/train/1_fake/0348.jpg,1,train
/kaggle/input/real-fake-dataset/Real_fake_dataset/train/1_fake/0349.jpg,1,train
/kaggle/input/real-fake-dataset/Real_fake_dataset/train/1_fake/0350.jpg,1,train
/kaggle/input/real-fake-dataset/Real_fake_dataset/train/1_fake/0351.jpg,1,train
/kaggle/input/real-fake-dataset/Real_fake_dataset/train/1_fake/0352.jpg,1,train
/kaggle/input/real-fake-dataset/Real_fake_dataset/train/1_fake/0353.jpg,1,train
/kaggle/input/real-fake-dataset/Real_fake_dataset/train/1_fake/0354.jpg,1,train
/kaggle/input/real-fake-dataset/Real_fake_dataset/train/1_fake/0355.jpg,1,train
/kaggle/input/real-fake-dataset/Real_fake_dataset/train/1_fake/0356.jpg,1,train
/kaggle/input/real-fake-dataset/Real_fake_dataset/train/1_fake/0357.jpg,1,train
/kaggle/input/real-fake-dataset/Real_fake_dataset/train/1_fake/0358.jpg,1,train
/kaggle/input/real-fake-dataset/Real_fake_dataset/train/1_fake/0359.jpg,1,train
/kaggle/input/real-fake-dataset/Real_fake_dataset/train/1_fake/0360.jpg,1,train
/kaggle/input/real-fake-dataset/Real_fake_dataset/train/1_fake/0361.jpg,1,train
/kaggle/input/real-fake-dataset/Real_fake_dataset/train/1_fake/0362.jpg,1,train
/kaggle/input/real-fake-dataset/Real_fake_dataset/train/1_fake/0363.jpg,1,train
/kaggle/input/real-fake-dataset/Real_fake_dataset/train/1_fake/0364.jpg,1,train
/kaggle/input/real-fake-dataset/Real_fake_dataset/train/1_fake/0365.jpg,1,train
/kaggle/input/real-fake-dataset/Real_fake_dataset/train/1_fake/0366.jpg,1,train
/kaggle/input/real-fake-dataset/Real_fake_dataset/train/1_fake/0367.jpg,1,train
/kaggle/input/real-fake-dataset/Real_fake_dataset/train/1_fake/0368.jpg,1,train
/kaggle/input/real-fake-dataset/Real_fake_dataset/train/1_fake/0369.jpg,1,train
/kaggle/input/real-fake-dataset/Real_fake_dataset/train/1_fake/0370.jpg,1,train
/kaggle/input/real-fake-dataset/Real_fake_dataset/train/1_fake/0371.jpg,1,train
/kaggle/input/real-fake-dataset/Real_fake_dataset/train/1_fake/0372.jpg,1,train
/kaggle/input/real-fake-dataset/Real_fake_dataset/train/1_fake/0373.jpg,1,train
/kaggle/input/real-fake-dataset/Real_fake_dataset/train/1_fake/0374.jpg,1,train
/kaggle/input/real-fake-dataset/Real_fake_dataset/train/1_fake/0375.jpg,1,train
/kaggle/input/real-fake-dataset/Real_fake_dataset/train/1_fake/0376.jpg,1,train
/kaggle/input/real-fake-dataset/Real_fake_dataset/train/1_fake/0377.jpg,1,train
/kaggle/input/real-fake-dataset/Real_fake_dataset/train/1_fake/0378.jpg,1,train
/kaggle/input/real-fake-dataset/Real_fake_dataset/train/1_fake/0379.jpg,1,train
/kaggle/input/real-fake-dataset/Real_fake_dataset/train/1_fake/0380.jpg,1,train
/kaggle/input/real-fake-dataset/Real_fake_dataset/train/1_fake/0381.jpg,1,train
/kaggle/input/real-fake-dataset/Real_fake_dataset/train/1_fake/0382.jpg,1,train
/kaggle/input/real-fake-dataset/Real_fake_dataset/train/1_fake/0383.jpg,1,train
/kaggle/input/real-fake-dataset/Real_fake_dataset/train/1_fake/0384.jpg,1,train
/kaggle/input/real-fake-dataset/Real_fake_dataset/train/1_fake/0385.jpg,1,train
/kaggle/input/real-fake-dataset/Real_fake_dataset/train/1_fake/0386.jpg,1,train
/kaggle/input/real-fake-dataset/Real_fake_dataset/train/1_fake/0387.jpg,1,train
/kaggle/input/real-fake-dataset/Real_fake_dataset/train/1_fake/0388.jpg,1,train
/kaggle/input/real-fake-dataset/Real_fake_dataset/train/1_fake/0389.jpg,1,train
/kaggle/input/real-fake-dataset/Real_fake_dataset/train/1_fake/0390.jpg,1,train
/kaggle/input/real-fake-dataset/Real_fake_dataset/train/1_fake/0391.jpg,1,train
/kaggle/input/real-fake-dataset/Real_fake_dataset/train/1_fake/0392.jpg,1,train
/kaggle/input/real-fake-dataset/Real_fake_dataset/train/1_fake/0393.jpg,1,train
/kaggle/input/real-fake-dataset/Real_fake_dataset/train/1_fake/0394.jpg,1,train
/kaggle/input/real-fake-dataset/Real_fake_dataset/train/1_fake/0395.jpg,1,train
/kaggle/input/real-fake-dataset/Real_fake_dataset/train/1_fake/0396.jpg,1,train
/kaggle/input/real-fake-dataset/Real_fake_dataset/train/1_fake/0397.jpg,1,train
/kaggle/input/real-fake-dataset/Real_fake_dataset/train/1_fake/0398.jpg,1,train
/kaggle/input/real-fake-dataset/Real_fake_dataset/train/1_fake/0399.jpg,1,train
/kaggle/input/real-fake-dataset/Real_fake_dataset/train/1_fake/0400.jpg,1,train
/kaggle/input/real-fake-dataset/Real_fake_dataset/train/1_fake/0401.jpg,1,train
/kaggle/input/real-fake-dataset/Real_fake_dataset/train/1_fake/0402.jpg,1,train
/kaggle/input/real-fake-dataset/Real_fake_dataset/train/1_fake/0403.jpg,1,train
/kaggle/input/real-fake-dataset/Real_fake_dataset/train/1_fake/0404.jpg,1,train
/kaggle/input/real-fake-dataset/Real_fake_dataset/train/1_fake/0405.jpg,1,train
/kaggle/input/real-fake-dataset/Real_fake_dataset/train/1_fake/0406.jpg,1,train
/kaggle/input/real-fake-dataset/Real_fake_dataset/train/1_fake/0407.jpg,1,train
/kaggle/input/real-fake-dataset/Real_fake_dataset/train/1_fake/0408.jpg,1,train
/kaggle/input/real-fake-dataset/Real_fake_dataset/train/1_fake/0409.jpg,1,train
/kaggle/input/real-fake-dataset/Real_fake_dataset/train/1_fake/0410.jpg,1,train
/kaggle/input/real-fake-dataset/Real_fake_dataset/train/1_fake/0411.jpg,1,train
/kaggle/input/real-fake-dataset/Real_fake_dataset/train/1_fake/0412.jpg,1,train
/kaggle/input/real-fake-dataset/Real_fake_dataset/train/1_fake/0413.jpg,1,train
/kaggle/input/real-fake-dataset/Real_fake_dataset/train/1_fake/0414.jpg,1,train
/kaggle/input/real-fake-dataset/Real_fake_dataset/train/1_fake/0415.jpg,1,train
/kaggle/input/real-fake-dataset/Real_fake_dataset/train/1_fake/0416.jpg,1,train
/kaggle/input/real-fake-dataset/Real_fake_dataset/train/1_fake/0417.jpg,1,train
/kaggle/input/real-fake-dataset/Real_fake_dataset/train/1_fake/0418.jpg,1,train
/kaggle/input/real-fake-dataset/Real_fake_dataset/train/1_fake/0419.jpg,1,train
/kaggle/input/real-fake-dataset/Real_fake_dataset/train/1_fake/0420.jpg,1,train
/kaggle/input/real-fake-dataset/Real_fake_dataset/train/1_fake/0421.jpg,1,train
/kaggle/input/real-fake-dataset/Real_fake_dataset/train/1_fake/0422.jpg,1,train
/kaggle/input/real-fake-dataset/Real_fake_dataset/train/1_fake/0423.jpg,1,train
/kaggle/input/real-fake-dataset/Real_fake_dataset/train/1_fake/0424.jpg,1,train
/kaggle/input/real-fake-dataset/Real_fake_dataset/train/1_fake/0425.jpg,1,train
/kaggle/input/real-fake-dataset/Real_fake_dataset/train/1_fake/0426.jpg,1,train
/kaggle/input/real-fake-dataset/Real_fake_dataset/train/1_fake/0427.jpg,1,train
/kaggle/input/real-fake-dataset/Real_fake_dataset/train/1_fake/0428.jpg,1,train
/kaggle/input/real-fake-dataset/Real_fake_dataset/train/1_fake/0429.jpg,1,train
/kaggle/input/real-fake-dataset/Real_fake_dataset/train/1_fake/0430.jpg,1,train
/kaggle/input/real-fake-dataset/Real_fake_dataset/train/1_fake/0431.jpg,1,train
/kaggle/input/real-fake-dataset/Real_fake_dataset/train/1_fake/0432.jpg,1,train
/kaggle/input/real-fake-dataset/Real_fake_dataset/train/1_fake/0433.jpg,1,train
/kaggle/input/real-fake-dataset/Real_fake_dataset/train/1_fake/0434.jpg,1,train
/kaggle/input/real-fake-dataset/Real_fake_dataset/train/1_fake/0435.jpg,1,train
/kaggle/input/real-fake-dataset/Real_fake_dataset/train/1_fake/0436.jpg,1,train
/kaggle/input/real-fake-dataset/Real_fake_dataset/train/1_fake/0437.jpg,1,train
/kaggle/input/real-fake-dataset/Real_fake_dataset/train/1_fake/0438.jpg,1,train
/kaggle/input/real-fake-dataset/Real_fake_dataset/train/1_fake/0439.jpg,1,train
/kaggle/input/real-fake-dataset/Real_fake_dataset/train/1_fake/0440.jpg,1,train
/kaggle/input/real-fake-dataset/Real_fake_dataset/train/1_fake/0441.jpg,1,train
/kaggle/input/real-fake-dataset/Real_fake_dataset/train/1_fake/0442.jpg,1,train
/kaggle/input/real-fake-dataset/Real_fake_dataset/train/1_fake/0443.jpg,1,train
/kaggle/input/real-fake-dataset/Real_fake_dataset/train/1_fake/0444.jpg,1,train
/kaggle/input/real-fake-dataset/Real_fake_dataset/train/1_fake/0445.jpg,1,train
/kaggle/input/real-fake-dataset/Real_fake_dataset/train/1_fake/0446.jpg,1,train
/kaggle/input/real-fake-dataset/Real_fake_dataset/train/1_fake/0447.jpg,1,train
/kaggle/input/real-fake-dataset/Real_fake_dataset/train/1_fake/0448.jpg,1,train
/kaggle/input/real-fake-dataset/Real_fake_dataset/train/1_fake/0449.jpg,1,train
/kaggle/input/real-fake-dataset/Real_fake_dataset/train/1_fake/0450.jpg,1,train
/kaggle/input/real-fake-dataset/Real_fake_dataset/train/1_fake/0451.jpg,1,train
/kaggle/input/real-fake-dataset/Real_fake_dataset/train/1_fake/0452.jpg,1,train
/kaggle/input/real-fake-dataset/Real_fake_dataset/train/1_fake/0453.jpg,1,train
/kaggle/input/real-fake-dataset/Real_fake_dataset/train/1_fake/0454.jpg,1,train
/kaggle/input/real-fake-dataset/Real_fake_dataset/train/1_fake/0455.jpg,1,train
/kaggle/input/real-fake-dataset/Real_fake_dataset/train/1_fake/0456.jpg,1,train
/kaggle/input/real-fake-dataset/Real_fake_dataset/train/1_fake/0457.jpg,1,train
/kaggle/input/real-fake-dataset/Real_fake_dataset/train/1_fake/0458.jpg,1,train
/kaggle/input/real-fake-dataset/Real_fake_dataset/train/1_fake/0459.jpg,1,train
/kaggle/input/real-fake-dataset/Real_fake_dataset/train/1_fake/0460.jpg,1,train
/kaggle/input/real-fake-dataset/Real_fake_dataset/train/1_fake/0461.jpg,1,train
/kaggle/input/real-fake-dataset/Real_fake_dataset/train/1_fake/0462.jpg,1,train
/kaggle/input/real-fake-dataset/Real_fake_dataset/train/1_fake/0463.jpg,1,train
/kaggle/input/real-fake-dataset/Real_fake_dataset/train/1_fake/0464.jpg,1,train
/kaggle/input/real-fake-dataset/Real_fake_dataset/train/1_fake/0465.jpg,1,train
/kaggle/input/real-fake-dataset/Real_fake_dataset/train/1_fake/0466.jpg,1,train
/kaggle/input/real-fake-dataset/Real_fake_dataset/train/1_fake/0467.jpg,1,train
/kaggle/input/real-fake-dataset/Real_fake_dataset/train/1_fake/0468.jpg,1,train
/kaggle/input/real-fake-dataset/Real_fake_dataset/train/1_fake/0469.jpg,1,train
/kaggle/input/real-fake-dataset/Real_fake_dataset/train/1_fake/0470.jpg,1,train
/kaggle/input/real-fake-dataset/Real_fake_dataset/train/1_fake/0471.jpg,1,train
/kaggle/input/real-fake-dataset/Real_fake_dataset/train/1_fake/0472.jpg,1,train
/kaggle/input/real-fake-dataset/Real_fake_dataset/train/1_fake/0473.jpg,1,train
/kaggle/input/real-fake-dataset/Real_fake_dataset/train/1_fake/0474.jpg,1,train
/kaggle/input/real-fake-dataset/Real_fake_dataset/train/1_fake/0475.jpg,1,train
/kaggle/input/real-fake-dataset/Real_fake_dataset/train/1_fake/0476.jpg,1,train
/kaggle/input/real-fake-dataset/Real_fake_dataset/train/1_fake/0477.jpg,1,train
/kaggle/input/real-fake-dataset/Real_fake_dataset/train/1_fake/0478.jpg,1,train
/kaggle/input/real-fake-dataset/Real_fake_dataset/train/1_fake/0479.jpg,1,train
/kaggle/input/real-fake-dataset/Real_fake_dataset/train/1_fake/0480.jpg,1,train
/kaggle/input/real-fake-dataset/Real_fake_dataset/train/1_fake/0481.jpg,1,train
/kaggle/input/real-fake-dataset/Real_fake_dataset/train/1_fake/0482.jpg,1,train
/kaggle/input/real-fake-dataset/Real_fake_dataset/train/1_fake/0483.jpg,1,train
/kaggle/input/real-fake-dataset/Real_fake_dataset/train/1_fake/0484.jpg,1,train
/kaggle/input/real-fake-dataset/Real_fake_dataset/train/1_fake/0485.jpg,1,train
/kaggle/input/real-fake-dataset/Real_fake_dataset/train/1_fake/0486.jpg,1,train
/kaggle/input/real-fake-dataset/Real_fake_dataset/train/1_fake/0487.jpg,1,train
/kaggle/input/real-fake-dataset/Real_fake_dataset/train/1_fake/0488.jpg,1,train
/kaggle/input/real-fake-dataset/Real_fake_dataset/train/1_fake/0489.jpg,1,train
/kaggle/input/real-fake-dataset/Real_fake_dataset/train/1_fake/0490.jpg,1,train
/kaggle/input/real-fake-dataset/Real_fake_dataset/train/1_fake/0491.jpg,1,train
/kaggle/input/real-fake-dataset/Real_fake_dataset/train/1_fake/0492.jpg,1,train
/kaggle/input/real-fake-dataset/Real_fake_dataset/train/1_fake/0493.jpg,1,train
/kaggle/input/real-fake-dataset/Real_fake_dataset/train/1_fake/0494.jpg,1,train
/kaggle/input/real-fake-dataset/Real_fake_dataset/train/1_fake/0495.jpg,1,train
/kaggle/input/real-fake-dataset/Real_fake_dataset/train/1_fake/0496.jpg,1,train
/kaggle/input/real-fake-dataset/Real_fake_dataset/train/1_fake/0497.jpg,1,train
/kaggle/input/real-fake-dataset/Real_fake_dataset/train/1_fake/0498.jpg,1,train
/kaggle/input/real-fake-dataset/Real_fake_dataset/train/1_fake/0499.jpg,1,train
/kaggle/input/real-fake-dataset/Real_fake_dataset/train/1_fake/0500.jpg,1,train
